"rgn_id","year","habitat","trend"
1,2010,"soft_bottom",-0.0991
2,2010,"soft_bottom",0.0509
3,2010,"soft_bottom",0
4,2010,"soft_bottom",-0.0689
5,2010,"soft_bottom",0
6,2010,"soft_bottom",0.0797
7,2010,"soft_bottom",-0.0086
8,2010,"soft_bottom",-0.0018
9,2010,"soft_bottom",-0.0114
10,2010,"soft_bottom",-0.0499
11,2010,"soft_bottom",-0.0092
13,2010,"soft_bottom",0.0269
14,2010,"soft_bottom",0.0251
15,2010,"soft_bottom",-0.0165
16,2010,"soft_bottom",0
17,2010,"soft_bottom",0
18,2010,"soft_bottom",0
19,2010,"soft_bottom",0
20,2010,"soft_bottom",0
21,2010,"soft_bottom",0.0107
24,2010,"soft_bottom",-0.0377
25,2010,"soft_bottom",0.0439
26,2010,"soft_bottom",-0.0529
28,2010,"soft_bottom",0
29,2010,"soft_bottom",0
30,2010,"soft_bottom",0.0293
31,2010,"soft_bottom",0
32,2010,"soft_bottom",0.0291
33,2010,"soft_bottom",0.0201
34,2010,"soft_bottom",0.0035
37,2010,"soft_bottom",0
38,2010,"soft_bottom",0
39,2010,"soft_bottom",-0.0061
40,2010,"soft_bottom",0
41,2010,"soft_bottom",0
42,2010,"soft_bottom",0
43,2010,"soft_bottom",0
44,2010,"soft_bottom",-0.023
45,2010,"soft_bottom",0
46,2010,"soft_bottom",0.0229
47,2010,"soft_bottom",0
48,2010,"soft_bottom",0
49,2010,"soft_bottom",0.0343
50,2010,"soft_bottom",-0.0124
51,2010,"soft_bottom",-0.015
52,2010,"soft_bottom",0.0042
53,2010,"soft_bottom",0.019
54,2010,"soft_bottom",0
55,2010,"soft_bottom",-0.0053
56,2010,"soft_bottom",0
57,2010,"soft_bottom",0.0669
58,2010,"soft_bottom",0.0117
59,2010,"soft_bottom",0
60,2010,"soft_bottom",0.1087
61,2010,"soft_bottom",0
62,2010,"soft_bottom",0.0205
63,2010,"soft_bottom",0
64,2010,"soft_bottom",0.0226
65,2010,"soft_bottom",-0.0594
66,2010,"soft_bottom",-0.0051
67,2010,"soft_bottom",0
68,2010,"soft_bottom",6e-04
69,2010,"soft_bottom",0
70,2010,"soft_bottom",0
71,2010,"soft_bottom",0
72,2010,"soft_bottom",0
73,2010,"soft_bottom",0
74,2010,"soft_bottom",0
75,2010,"soft_bottom",0
76,2010,"soft_bottom",0.0362
77,2010,"soft_bottom",0
78,2010,"soft_bottom",-0.0401
79,2010,"soft_bottom",0
80,2010,"soft_bottom",0
81,2010,"soft_bottom",0
82,2010,"soft_bottom",0
84,2010,"soft_bottom",-0.0121
85,2010,"soft_bottom",0.0226
86,2010,"soft_bottom",0
88,2010,"soft_bottom",0
89,2010,"soft_bottom",0
90,2010,"soft_bottom",-0.0221
92,2010,"soft_bottom",-0.0992
93,2010,"soft_bottom",0
94,2010,"soft_bottom",0
95,2010,"soft_bottom",0
96,2010,"soft_bottom",-0.0162
97,2010,"soft_bottom",0
98,2010,"soft_bottom",-0.0417
100,2010,"soft_bottom",-0.0379
101,2010,"soft_bottom",0
102,2010,"soft_bottom",0.0798
103,2010,"soft_bottom",0
104,2010,"soft_bottom",0.002
106,2010,"soft_bottom",0.0019
107,2010,"soft_bottom",-0.0162
108,2010,"soft_bottom",0.034
110,2010,"soft_bottom",0
111,2010,"soft_bottom",0
112,2010,"soft_bottom",0
113,2010,"soft_bottom",0
114,2010,"soft_bottom",-0.0569
115,2010,"soft_bottom",0
116,2010,"soft_bottom",0
117,2010,"soft_bottom",0
118,2010,"soft_bottom",0
119,2010,"soft_bottom",-0.0249
120,2010,"soft_bottom",0
121,2010,"soft_bottom",0
122,2010,"soft_bottom",0
123,2010,"soft_bottom",0.0387
124,2010,"soft_bottom",-0.0065
125,2010,"soft_bottom",0
126,2010,"soft_bottom",0
127,2010,"soft_bottom",0
129,2010,"soft_bottom",0.0015
130,2010,"soft_bottom",0
131,2010,"soft_bottom",0
132,2010,"soft_bottom",0.0283
133,2010,"soft_bottom",0
134,2010,"soft_bottom",0
135,2010,"soft_bottom",0
136,2010,"soft_bottom",0
137,2010,"soft_bottom",-0.033
138,2010,"soft_bottom",-0.052
139,2010,"soft_bottom",0
140,2010,"soft_bottom",0.0492
141,2010,"soft_bottom",0.0806
143,2010,"soft_bottom",0.0195
144,2010,"soft_bottom",-0.0224
145,2010,"soft_bottom",0
147,2010,"soft_bottom",0
148,2010,"soft_bottom",0.0132
149,2010,"soft_bottom",0.6629
150,2010,"soft_bottom",0.08
153,2010,"soft_bottom",0.0228
154,2010,"soft_bottom",0.011
155,2010,"soft_bottom",-0.0438
157,2010,"soft_bottom",-0.0599
158,2010,"soft_bottom",-0.0208
159,2010,"soft_bottom",0.0764
161,2010,"soft_bottom",-0.0195
162,2010,"soft_bottom",0
163,2010,"soft_bottom",0
164,2010,"soft_bottom",0
166,2010,"soft_bottom",0
167,2010,"soft_bottom",0.0168
168,2010,"soft_bottom",0
169,2010,"soft_bottom",0
171,2010,"soft_bottom",0
172,2010,"soft_bottom",0
173,2010,"soft_bottom",0.0035
174,2010,"soft_bottom",0
175,2010,"soft_bottom",-0.0403
176,2010,"soft_bottom",-0.02
177,2010,"soft_bottom",0
178,2010,"soft_bottom",0
179,2010,"soft_bottom",0.0043
180,2010,"soft_bottom",0
181,2010,"soft_bottom",0
182,2010,"soft_bottom",-0.0356
183,2010,"soft_bottom",0.0209
184,2010,"soft_bottom",0
186,2010,"soft_bottom",0
187,2010,"soft_bottom",0
188,2010,"soft_bottom",-0.0245
189,2010,"soft_bottom",0
190,2010,"soft_bottom",0
191,2010,"soft_bottom",0
192,2010,"soft_bottom",-0.0161
193,2010,"soft_bottom",0
194,2010,"soft_bottom",0
195,2010,"soft_bottom",-0.0202
196,2010,"soft_bottom",-0.2541
197,2010,"soft_bottom",0.0554
198,2010,"soft_bottom",0.1613
199,2010,"soft_bottom",-0.0554
200,2010,"soft_bottom",0.278
202,2010,"soft_bottom",0
203,2010,"soft_bottom",-0.0029
204,2010,"soft_bottom",-0.0407
205,2010,"soft_bottom",-0.0107
206,2010,"soft_bottom",0.0281
207,2010,"soft_bottom",-0.016
208,2010,"soft_bottom",0.3278
209,2010,"soft_bottom",0.0045
210,2010,"soft_bottom",0.0098
212,2010,"soft_bottom",-0.0444
214,2010,"soft_bottom",0
216,2010,"soft_bottom",0
218,2010,"soft_bottom",0
219,2010,"soft_bottom",0
220,2010,"soft_bottom",0.2383
221,2010,"soft_bottom",-0.0072
222,2010,"soft_bottom",0
223,2010,"soft_bottom",-0.0254
224,2010,"soft_bottom",0.3049
227,2010,"soft_bottom",0.0375
228,2010,"soft_bottom",0.0489
231,2010,"soft_bottom",-0.0176
232,2010,"soft_bottom",0.4197
237,2010,"soft_bottom",0.0199
247,2010,"soft_bottom",0.0444
248,2010,"soft_bottom",0
249,2010,"soft_bottom",-0.2008
1,2011,"soft_bottom",-0.0184
2,2011,"soft_bottom",0.0583
3,2011,"soft_bottom",0
4,2011,"soft_bottom",-0.0228
5,2011,"soft_bottom",0
6,2011,"soft_bottom",0.049
7,2011,"soft_bottom",0.0527
8,2011,"soft_bottom",-0.0149
9,2011,"soft_bottom",-0.0072
10,2011,"soft_bottom",-0.0247
11,2011,"soft_bottom",0.009
13,2011,"soft_bottom",0.0204
14,2011,"soft_bottom",0.0067
15,2011,"soft_bottom",-0.0021
16,2011,"soft_bottom",0
17,2011,"soft_bottom",0
18,2011,"soft_bottom",0
19,2011,"soft_bottom",0
20,2011,"soft_bottom",0
21,2011,"soft_bottom",-0.0019
24,2011,"soft_bottom",-0.0685
25,2011,"soft_bottom",0.0151
26,2011,"soft_bottom",0.0105
28,2011,"soft_bottom",0
29,2011,"soft_bottom",0
30,2011,"soft_bottom",0.0024
31,2011,"soft_bottom",0
32,2011,"soft_bottom",0.0171
33,2011,"soft_bottom",0.0324
34,2011,"soft_bottom",0.0057
37,2011,"soft_bottom",0
38,2011,"soft_bottom",0
39,2011,"soft_bottom",-0.003
40,2011,"soft_bottom",0
41,2011,"soft_bottom",0.0024
42,2011,"soft_bottom",0
43,2011,"soft_bottom",0
44,2011,"soft_bottom",-0.0141
45,2011,"soft_bottom",0
46,2011,"soft_bottom",0
47,2011,"soft_bottom",0
48,2011,"soft_bottom",0
49,2011,"soft_bottom",0.0179
50,2011,"soft_bottom",0.008
51,2011,"soft_bottom",0.0207
52,2011,"soft_bottom",0.0244
53,2011,"soft_bottom",0.0032
54,2011,"soft_bottom",0
55,2011,"soft_bottom",-0.0119
56,2011,"soft_bottom",0
57,2011,"soft_bottom",0.0507
58,2011,"soft_bottom",-0.0027
59,2011,"soft_bottom",0
60,2011,"soft_bottom",0.0647
61,2011,"soft_bottom",0
62,2011,"soft_bottom",0.0305
63,2011,"soft_bottom",0
64,2011,"soft_bottom",0.0216
65,2011,"soft_bottom",0.0047
66,2011,"soft_bottom",-0.012
67,2011,"soft_bottom",0
68,2011,"soft_bottom",-0.0115
69,2011,"soft_bottom",0
70,2011,"soft_bottom",0
71,2011,"soft_bottom",0
72,2011,"soft_bottom",0
73,2011,"soft_bottom",0
74,2011,"soft_bottom",0
75,2011,"soft_bottom",0
76,2011,"soft_bottom",0.0237
77,2011,"soft_bottom",0
78,2011,"soft_bottom",-0.024
79,2011,"soft_bottom",0
80,2011,"soft_bottom",0
81,2011,"soft_bottom",0
82,2011,"soft_bottom",0
84,2011,"soft_bottom",0.0097
85,2011,"soft_bottom",0.0716
86,2011,"soft_bottom",0
88,2011,"soft_bottom",0
89,2011,"soft_bottom",0
90,2011,"soft_bottom",-0.0182
92,2011,"soft_bottom",-0.0285
93,2011,"soft_bottom",0
94,2011,"soft_bottom",0
95,2011,"soft_bottom",0
96,2011,"soft_bottom",3e-04
97,2011,"soft_bottom",0
98,2011,"soft_bottom",0.03
100,2011,"soft_bottom",-0.016
101,2011,"soft_bottom",0
102,2011,"soft_bottom",0.0289
103,2011,"soft_bottom",0
104,2011,"soft_bottom",-0.0023
106,2011,"soft_bottom",0.0357
107,2011,"soft_bottom",-0.0359
108,2011,"soft_bottom",0.0761
110,2011,"soft_bottom",0
111,2011,"soft_bottom",0
112,2011,"soft_bottom",0
113,2011,"soft_bottom",0
114,2011,"soft_bottom",-0.0613
115,2011,"soft_bottom",0
116,2011,"soft_bottom",0
117,2011,"soft_bottom",0
118,2011,"soft_bottom",0
119,2011,"soft_bottom",0.0248
120,2011,"soft_bottom",0
121,2011,"soft_bottom",0
122,2011,"soft_bottom",0
123,2011,"soft_bottom",0.0606
124,2011,"soft_bottom",0.0435
125,2011,"soft_bottom",0
126,2011,"soft_bottom",0
127,2011,"soft_bottom",0
129,2011,"soft_bottom",0.0544
130,2011,"soft_bottom",0
131,2011,"soft_bottom",0
132,2011,"soft_bottom",0.0631
133,2011,"soft_bottom",0
134,2011,"soft_bottom",0
135,2011,"soft_bottom",-0.0067
136,2011,"soft_bottom",0
137,2011,"soft_bottom",-0.0123
138,2011,"soft_bottom",-0.1729
139,2011,"soft_bottom",0
140,2011,"soft_bottom",0.1025
141,2011,"soft_bottom",0.1228
143,2011,"soft_bottom",0.046
144,2011,"soft_bottom",-0.0714
145,2011,"soft_bottom",0
147,2011,"soft_bottom",0
148,2011,"soft_bottom",0.0211
149,2011,"soft_bottom",0.0499
150,2011,"soft_bottom",0.0867
153,2011,"soft_bottom",0.0075
154,2011,"soft_bottom",-0.0028
155,2011,"soft_bottom",-0.0377
157,2011,"soft_bottom",-0.037
158,2011,"soft_bottom",-0.004
159,2011,"soft_bottom",-0.131
161,2011,"soft_bottom",-8e-04
162,2011,"soft_bottom",0
163,2011,"soft_bottom",0
164,2011,"soft_bottom",0
166,2011,"soft_bottom",0
167,2011,"soft_bottom",0.0031
168,2011,"soft_bottom",0
169,2011,"soft_bottom",0
171,2011,"soft_bottom",0
172,2011,"soft_bottom",0
173,2011,"soft_bottom",0
174,2011,"soft_bottom",0
175,2011,"soft_bottom",-0.0098
176,2011,"soft_bottom",-0.0208
177,2011,"soft_bottom",0
178,2011,"soft_bottom",0
179,2011,"soft_bottom",-0.008
180,2011,"soft_bottom",0
181,2011,"soft_bottom",0
182,2011,"soft_bottom",-0.063
183,2011,"soft_bottom",0.0014
184,2011,"soft_bottom",0
186,2011,"soft_bottom",0
187,2011,"soft_bottom",0
188,2011,"soft_bottom",-0.0871
189,2011,"soft_bottom",0
190,2011,"soft_bottom",0
191,2011,"soft_bottom",0
192,2011,"soft_bottom",0
193,2011,"soft_bottom",0
194,2011,"soft_bottom",0
195,2011,"soft_bottom",-0.0499
196,2011,"soft_bottom",-0.5205
197,2011,"soft_bottom",0.0081
198,2011,"soft_bottom",-0.023
199,2011,"soft_bottom",-0.0604
200,2011,"soft_bottom",0.2402
202,2011,"soft_bottom",0
203,2011,"soft_bottom",0.0092
204,2011,"soft_bottom",0.0303
205,2011,"soft_bottom",-0.0465
206,2011,"soft_bottom",0.0155
207,2011,"soft_bottom",-0.0384
208,2011,"soft_bottom",0.1191
209,2011,"soft_bottom",-0.0164
210,2011,"soft_bottom",0.0055
212,2011,"soft_bottom",0.0179
214,2011,"soft_bottom",0
216,2011,"soft_bottom",0
218,2011,"soft_bottom",0
219,2011,"soft_bottom",0
220,2011,"soft_bottom",0.0237
221,2011,"soft_bottom",0.011
222,2011,"soft_bottom",0
223,2011,"soft_bottom",-0.0477
224,2011,"soft_bottom",-0.114
227,2011,"soft_bottom",0.035
228,2011,"soft_bottom",0.0251
231,2011,"soft_bottom",-0.027
232,2011,"soft_bottom",0.2505
237,2011,"soft_bottom",0.004
247,2011,"soft_bottom",0.0146
248,2011,"soft_bottom",0
249,2011,"soft_bottom",0.1177
1,2012,"soft_bottom",-0.0237
2,2012,"soft_bottom",-0.0106
3,2012,"soft_bottom",0
4,2012,"soft_bottom",0.0297
5,2012,"soft_bottom",0
6,2012,"soft_bottom",0.0082
7,2012,"soft_bottom",0.0229
8,2012,"soft_bottom",-0.0233
9,2012,"soft_bottom",-0.0074
10,2012,"soft_bottom",0.0144
11,2012,"soft_bottom",-0.004
13,2012,"soft_bottom",-0.0078
14,2012,"soft_bottom",-0.0106
15,2012,"soft_bottom",0.0145
16,2012,"soft_bottom",0
17,2012,"soft_bottom",0
18,2012,"soft_bottom",0
19,2012,"soft_bottom",0
20,2012,"soft_bottom",0
21,2012,"soft_bottom",-0.0066
24,2012,"soft_bottom",-0.0508
25,2012,"soft_bottom",-0.0246
26,2012,"soft_bottom",-0.012
28,2012,"soft_bottom",0
29,2012,"soft_bottom",0
30,2012,"soft_bottom",0.0026
31,2012,"soft_bottom",0
32,2012,"soft_bottom",0.0109
33,2012,"soft_bottom",0.0117
34,2012,"soft_bottom",-0.0139
37,2012,"soft_bottom",0
38,2012,"soft_bottom",0
39,2012,"soft_bottom",0
40,2012,"soft_bottom",0
41,2012,"soft_bottom",-0.0387
42,2012,"soft_bottom",0
43,2012,"soft_bottom",0
44,2012,"soft_bottom",-0.0111
45,2012,"soft_bottom",0
46,2012,"soft_bottom",-0.0061
47,2012,"soft_bottom",0
48,2012,"soft_bottom",0
49,2012,"soft_bottom",-0.0222
50,2012,"soft_bottom",0.0127
51,2012,"soft_bottom",0.0272
52,2012,"soft_bottom",0.0403
53,2012,"soft_bottom",0.0072
54,2012,"soft_bottom",0
55,2012,"soft_bottom",-0.021
56,2012,"soft_bottom",0
57,2012,"soft_bottom",0.0091
58,2012,"soft_bottom",0.0155
59,2012,"soft_bottom",0
60,2012,"soft_bottom",0.1979
61,2012,"soft_bottom",0
62,2012,"soft_bottom",0.0565
63,2012,"soft_bottom",0
64,2012,"soft_bottom",-0.0268
65,2012,"soft_bottom",0.0479
66,2012,"soft_bottom",0.0037
67,2012,"soft_bottom",0
68,2012,"soft_bottom",-6e-04
69,2012,"soft_bottom",0
70,2012,"soft_bottom",0
71,2012,"soft_bottom",-0.0151
72,2012,"soft_bottom",0
73,2012,"soft_bottom",0
74,2012,"soft_bottom",0
75,2012,"soft_bottom",0
76,2012,"soft_bottom",-0.0109
77,2012,"soft_bottom",0
78,2012,"soft_bottom",0.0047
79,2012,"soft_bottom",0
80,2012,"soft_bottom",0
81,2012,"soft_bottom",0
82,2012,"soft_bottom",0
84,2012,"soft_bottom",0.0224
85,2012,"soft_bottom",0.0486
86,2012,"soft_bottom",0
88,2012,"soft_bottom",0
89,2012,"soft_bottom",0
90,2012,"soft_bottom",-0.0393
92,2012,"soft_bottom",-0.0136
93,2012,"soft_bottom",0
94,2012,"soft_bottom",0
95,2012,"soft_bottom",0
96,2012,"soft_bottom",-0.0081
97,2012,"soft_bottom",0
98,2012,"soft_bottom",-0.0731
100,2012,"soft_bottom",-0.0359
101,2012,"soft_bottom",0
102,2012,"soft_bottom",-0.0537
103,2012,"soft_bottom",0
104,2012,"soft_bottom",-0.0229
106,2012,"soft_bottom",0.0307
107,2012,"soft_bottom",-0.046
108,2012,"soft_bottom",0.0997
110,2012,"soft_bottom",0
111,2012,"soft_bottom",0
112,2012,"soft_bottom",0
113,2012,"soft_bottom",0
114,2012,"soft_bottom",1e-04
115,2012,"soft_bottom",0
116,2012,"soft_bottom",0
117,2012,"soft_bottom",0
118,2012,"soft_bottom",0
119,2012,"soft_bottom",0.0312
120,2012,"soft_bottom",0
121,2012,"soft_bottom",0
122,2012,"soft_bottom",0
123,2012,"soft_bottom",0.0428
124,2012,"soft_bottom",0.0735
125,2012,"soft_bottom",0
126,2012,"soft_bottom",0
127,2012,"soft_bottom",0
129,2012,"soft_bottom",0.0866
130,2012,"soft_bottom",0
131,2012,"soft_bottom",0
132,2012,"soft_bottom",0.0013
133,2012,"soft_bottom",0
134,2012,"soft_bottom",0
135,2012,"soft_bottom",-0.0034
136,2012,"soft_bottom",0
137,2012,"soft_bottom",0.0186
138,2012,"soft_bottom",-0.1811
139,2012,"soft_bottom",0
140,2012,"soft_bottom",0.0574
141,2012,"soft_bottom",0.0662
143,2012,"soft_bottom",0.0549
144,2012,"soft_bottom",-0.0354
145,2012,"soft_bottom",0
147,2012,"soft_bottom",0
148,2012,"soft_bottom",0.0191
149,2012,"soft_bottom",0.0846
150,2012,"soft_bottom",0.0402
153,2012,"soft_bottom",-0.0215
154,2012,"soft_bottom",0.0195
155,2012,"soft_bottom",-0.0124
157,2012,"soft_bottom",-1e-04
158,2012,"soft_bottom",0.0026
159,2012,"soft_bottom",-0.076
161,2012,"soft_bottom",0.0097
162,2012,"soft_bottom",0
163,2012,"soft_bottom",0
164,2012,"soft_bottom",0
166,2012,"soft_bottom",0
167,2012,"soft_bottom",-0.011
168,2012,"soft_bottom",0
169,2012,"soft_bottom",0
171,2012,"soft_bottom",0
172,2012,"soft_bottom",0
173,2012,"soft_bottom",0
174,2012,"soft_bottom",0
175,2012,"soft_bottom",0.0917
176,2012,"soft_bottom",0.0108
177,2012,"soft_bottom",0
178,2012,"soft_bottom",0
179,2012,"soft_bottom",-6e-04
180,2012,"soft_bottom",0
181,2012,"soft_bottom",0
182,2012,"soft_bottom",-0.0686
183,2012,"soft_bottom",-0.0131
184,2012,"soft_bottom",0
186,2012,"soft_bottom",0
187,2012,"soft_bottom",0
188,2012,"soft_bottom",-0.0106
189,2012,"soft_bottom",0
190,2012,"soft_bottom",0
191,2012,"soft_bottom",0
192,2012,"soft_bottom",0.0161
193,2012,"soft_bottom",0
194,2012,"soft_bottom",0
195,2012,"soft_bottom",-0.0527
196,2012,"soft_bottom",-0.945
197,2012,"soft_bottom",-0.07
198,2012,"soft_bottom",-0.0864
199,2012,"soft_bottom",-0.0193
200,2012,"soft_bottom",-0.0122
202,2012,"soft_bottom",0
203,2012,"soft_bottom",0.0051
204,2012,"soft_bottom",0.0219
205,2012,"soft_bottom",-0.0257
206,2012,"soft_bottom",-0.0078
207,2012,"soft_bottom",-0.0403
208,2012,"soft_bottom",-0.0012
209,2012,"soft_bottom",-0.0237
210,2012,"soft_bottom",0.0275
212,2012,"soft_bottom",0.2285
214,2012,"soft_bottom",0
216,2012,"soft_bottom",0
218,2012,"soft_bottom",0
219,2012,"soft_bottom",0
220,2012,"soft_bottom",-0.0754
221,2012,"soft_bottom",0.0221
222,2012,"soft_bottom",0
223,2012,"soft_bottom",-0.0352
224,2012,"soft_bottom",-0.043
227,2012,"soft_bottom",-0.0031
228,2012,"soft_bottom",-0.0021
231,2012,"soft_bottom",-0.0122
232,2012,"soft_bottom",-0.0303
237,2012,"soft_bottom",-0.0331
247,2012,"soft_bottom",-0.0419
248,2012,"soft_bottom",0
249,2012,"soft_bottom",0.2414
1,2013,"soft_bottom",-0.0136
2,2013,"soft_bottom",-0.0439
3,2013,"soft_bottom",0
4,2013,"soft_bottom",0.0373
5,2013,"soft_bottom",0
6,2013,"soft_bottom",0.0101
7,2013,"soft_bottom",0.0534
8,2013,"soft_bottom",-0.0456
9,2013,"soft_bottom",-0.0233
10,2013,"soft_bottom",0.0366
11,2013,"soft_bottom",-0.0125
13,2013,"soft_bottom",-0.0477
14,2013,"soft_bottom",-0.0293
15,2013,"soft_bottom",0.0385
16,2013,"soft_bottom",0
17,2013,"soft_bottom",0
18,2013,"soft_bottom",0
19,2013,"soft_bottom",0
20,2013,"soft_bottom",0
21,2013,"soft_bottom",0.0074
24,2013,"soft_bottom",-0.0349
25,2013,"soft_bottom",-0.0322
26,2013,"soft_bottom",-0.0143
28,2013,"soft_bottom",0
29,2013,"soft_bottom",0
30,2013,"soft_bottom",0.0051
31,2013,"soft_bottom",0
32,2013,"soft_bottom",0.0406
33,2013,"soft_bottom",-0.0088
34,2013,"soft_bottom",-0.0542
37,2013,"soft_bottom",0
38,2013,"soft_bottom",0
39,2013,"soft_bottom",0.003
40,2013,"soft_bottom",-0.003
41,2013,"soft_bottom",-0.0578
42,2013,"soft_bottom",0
43,2013,"soft_bottom",0
44,2013,"soft_bottom",0.0113
45,2013,"soft_bottom",0
46,2013,"soft_bottom",-0.0031
47,2013,"soft_bottom",-0.0028
48,2013,"soft_bottom",-0.0041
49,2013,"soft_bottom",-0.0265
50,2013,"soft_bottom",0.0096
51,2013,"soft_bottom",0.0239
52,2013,"soft_bottom",-0.0042
53,2013,"soft_bottom",-0.0257
54,2013,"soft_bottom",0
55,2013,"soft_bottom",-0.0116
56,2013,"soft_bottom",0
57,2013,"soft_bottom",0.0139
58,2013,"soft_bottom",-0.0192
59,2013,"soft_bottom",0
60,2013,"soft_bottom",0.1709
61,2013,"soft_bottom",0
62,2013,"soft_bottom",0.0164
63,2013,"soft_bottom",-0.0025
64,2013,"soft_bottom",-0.0045
65,2013,"soft_bottom",-0.0021
66,2013,"soft_bottom",-0.0224
67,2013,"soft_bottom",0
68,2013,"soft_bottom",0.0147
69,2013,"soft_bottom",0
70,2013,"soft_bottom",0
71,2013,"soft_bottom",-0.0075
72,2013,"soft_bottom",0
73,2013,"soft_bottom",0
74,2013,"soft_bottom",0
75,2013,"soft_bottom",0
76,2013,"soft_bottom",0.0269
77,2013,"soft_bottom",0
78,2013,"soft_bottom",0.0425
79,2013,"soft_bottom",0
80,2013,"soft_bottom",0
81,2013,"soft_bottom",0
82,2013,"soft_bottom",0
84,2013,"soft_bottom",0.0382
85,2013,"soft_bottom",0
86,2013,"soft_bottom",0
88,2013,"soft_bottom",0
89,2013,"soft_bottom",0
90,2013,"soft_bottom",-0.0234
92,2013,"soft_bottom",0.0468
93,2013,"soft_bottom",0
94,2013,"soft_bottom",0
95,2013,"soft_bottom",0
96,2013,"soft_bottom",0.0082
97,2013,"soft_bottom",0
98,2013,"soft_bottom",-0.0487
100,2013,"soft_bottom",-0.0145
101,2013,"soft_bottom",0
102,2013,"soft_bottom",-0.2069
103,2013,"soft_bottom",0
104,2013,"soft_bottom",-0.0149
106,2013,"soft_bottom",-0.0142
107,2013,"soft_bottom",-0.0097
108,2013,"soft_bottom",0.0858
110,2013,"soft_bottom",0
111,2013,"soft_bottom",0
112,2013,"soft_bottom",0
113,2013,"soft_bottom",0
114,2013,"soft_bottom",0.05
115,2013,"soft_bottom",0
116,2013,"soft_bottom",0
117,2013,"soft_bottom",0
118,2013,"soft_bottom",0
119,2013,"soft_bottom",0.0288
120,2013,"soft_bottom",0
121,2013,"soft_bottom",0
122,2013,"soft_bottom",0
123,2013,"soft_bottom",0.0979
124,2013,"soft_bottom",0.0497
125,2013,"soft_bottom",0
126,2013,"soft_bottom",0
127,2013,"soft_bottom",0
129,2013,"soft_bottom",0.0146
130,2013,"soft_bottom",0
131,2013,"soft_bottom",0
132,2013,"soft_bottom",0.0027
133,2013,"soft_bottom",0
134,2013,"soft_bottom",0
135,2013,"soft_bottom",0
136,2013,"soft_bottom",0
137,2013,"soft_bottom",0.0518
138,2013,"soft_bottom",0.0342
139,2013,"soft_bottom",0
140,2013,"soft_bottom",0.0656
141,2013,"soft_bottom",0.0901
143,2013,"soft_bottom",0.0449
144,2013,"soft_bottom",0.0377
145,2013,"soft_bottom",0
147,2013,"soft_bottom",0
148,2013,"soft_bottom",0.0445
149,2013,"soft_bottom",-0.2286
150,2013,"soft_bottom",-0.0191
153,2013,"soft_bottom",0.0159
154,2013,"soft_bottom",0.0696
155,2013,"soft_bottom",0.0278
157,2013,"soft_bottom",0.0712
158,2013,"soft_bottom",0.0088
159,2013,"soft_bottom",-0.0077
161,2013,"soft_bottom",-0.0119
162,2013,"soft_bottom",0
163,2013,"soft_bottom",0
164,2013,"soft_bottom",0
166,2013,"soft_bottom",0
167,2013,"soft_bottom",-0.0195
168,2013,"soft_bottom",0
169,2013,"soft_bottom",0
171,2013,"soft_bottom",0
172,2013,"soft_bottom",0
173,2013,"soft_bottom",0
174,2013,"soft_bottom",0
175,2013,"soft_bottom",0.0758
176,2013,"soft_bottom",-0.001
177,2013,"soft_bottom",0
178,2013,"soft_bottom",0
179,2013,"soft_bottom",0.0058
180,2013,"soft_bottom",0
181,2013,"soft_bottom",0
182,2013,"soft_bottom",-0.0644
183,2013,"soft_bottom",-0.0069
184,2013,"soft_bottom",0
186,2013,"soft_bottom",0
187,2013,"soft_bottom",0
188,2013,"soft_bottom",0.046
189,2013,"soft_bottom",0
190,2013,"soft_bottom",0
191,2013,"soft_bottom",0
192,2013,"soft_bottom",0.0332
193,2013,"soft_bottom",0
194,2013,"soft_bottom",0
195,2013,"soft_bottom",-0.0343
196,2013,"soft_bottom",-1
197,2013,"soft_bottom",-0.0721
198,2013,"soft_bottom",-0.0628
199,2013,"soft_bottom",0.0177
200,2013,"soft_bottom",-0.0554
202,2013,"soft_bottom",0
203,2013,"soft_bottom",-0.0033
204,2013,"soft_bottom",0.0243
205,2013,"soft_bottom",-0.0299
206,2013,"soft_bottom",-0.0032
207,2013,"soft_bottom",-0.0327
208,2013,"soft_bottom",-0.0012
209,2013,"soft_bottom",-0.0218
210,2013,"soft_bottom",0.0239
212,2013,"soft_bottom",0.2846
214,2013,"soft_bottom",0
216,2013,"soft_bottom",0
218,2013,"soft_bottom",0
219,2013,"soft_bottom",0
220,2013,"soft_bottom",-0.0582
221,2013,"soft_bottom",0.0107
222,2013,"soft_bottom",0
223,2013,"soft_bottom",0.0195
224,2013,"soft_bottom",0.0054
227,2013,"soft_bottom",-0.0282
228,2013,"soft_bottom",-0.0278
231,2013,"soft_bottom",0.0063
232,2013,"soft_bottom",-0.1478
237,2013,"soft_bottom",-0.0478
247,2013,"soft_bottom",-0.0498
248,2013,"soft_bottom",0
249,2013,"soft_bottom",0.3651
1,2014,"soft_bottom",-0.0321
2,2014,"soft_bottom",-0.0517
3,2014,"soft_bottom",0
4,2014,"soft_bottom",0.0649
5,2014,"soft_bottom",0
6,2014,"soft_bottom",0.0211
7,2014,"soft_bottom",0.0027
8,2014,"soft_bottom",0.0086
9,2014,"soft_bottom",-0.028
10,2014,"soft_bottom",0.0278
11,2014,"soft_bottom",-0.0161
13,2014,"soft_bottom",-0.0311
14,2014,"soft_bottom",-0.0251
15,2014,"soft_bottom",0.0436
16,2014,"soft_bottom",0
17,2014,"soft_bottom",0
18,2014,"soft_bottom",0
19,2014,"soft_bottom",0
20,2014,"soft_bottom",0
21,2014,"soft_bottom",0.0063
24,2014,"soft_bottom",-0.0355
25,2014,"soft_bottom",-0.0187
26,2014,"soft_bottom",6e-04
28,2014,"soft_bottom",0
29,2014,"soft_bottom",0
30,2014,"soft_bottom",0
31,2014,"soft_bottom",0
32,2014,"soft_bottom",0.0482
33,2014,"soft_bottom",-0.0071
34,2014,"soft_bottom",-0.0608
37,2014,"soft_bottom",0
38,2014,"soft_bottom",0
39,2014,"soft_bottom",0.0061
40,2014,"soft_bottom",-0.0015
41,2014,"soft_bottom",-0.0181
42,2014,"soft_bottom",0
43,2014,"soft_bottom",0
44,2014,"soft_bottom",0.0137
45,2014,"soft_bottom",0
46,2014,"soft_bottom",0
47,2014,"soft_bottom",-0.0014
48,2014,"soft_bottom",-0.0124
49,2014,"soft_bottom",-0.0302
50,2014,"soft_bottom",0.003
51,2014,"soft_bottom",0.0171
52,2014,"soft_bottom",0.0031
53,2014,"soft_bottom",-0.0193
54,2014,"soft_bottom",0
55,2014,"soft_bottom",-0.0137
56,2014,"soft_bottom",0
57,2014,"soft_bottom",-0.0055
58,2014,"soft_bottom",-0.0978
59,2014,"soft_bottom",0
60,2014,"soft_bottom",0.1001
61,2014,"soft_bottom",0
62,2014,"soft_bottom",-0.0281
63,2014,"soft_bottom",-0.0013
64,2014,"soft_bottom",-0.0071
65,2014,"soft_bottom",-0.0501
66,2014,"soft_bottom",-0.0722
67,2014,"soft_bottom",0
68,2014,"soft_bottom",0.02
69,2014,"soft_bottom",0
70,2014,"soft_bottom",0
71,2014,"soft_bottom",0
72,2014,"soft_bottom",0
73,2014,"soft_bottom",0
74,2014,"soft_bottom",0
75,2014,"soft_bottom",0
76,2014,"soft_bottom",0.0314
77,2014,"soft_bottom",0
78,2014,"soft_bottom",0.0362
79,2014,"soft_bottom",0
80,2014,"soft_bottom",0
81,2014,"soft_bottom",0
82,2014,"soft_bottom",0
84,2014,"soft_bottom",0.0075
85,2014,"soft_bottom",-0.0289
86,2014,"soft_bottom",0
88,2014,"soft_bottom",0
89,2014,"soft_bottom",0
90,2014,"soft_bottom",-0.0117
92,2014,"soft_bottom",0.0117
93,2014,"soft_bottom",0
94,2014,"soft_bottom",0
95,2014,"soft_bottom",0
96,2014,"soft_bottom",-0.0176
97,2014,"soft_bottom",0
98,2014,"soft_bottom",0.0697
100,2014,"soft_bottom",-9e-04
101,2014,"soft_bottom",0
102,2014,"soft_bottom",-0.0996
103,2014,"soft_bottom",0
104,2014,"soft_bottom",-0.0242
106,2014,"soft_bottom",-0.0092
107,2014,"soft_bottom",0.03
108,2014,"soft_bottom",0.039
110,2014,"soft_bottom",0
111,2014,"soft_bottom",0
112,2014,"soft_bottom",0
113,2014,"soft_bottom",0
114,2014,"soft_bottom",0.0408
115,2014,"soft_bottom",0
116,2014,"soft_bottom",0
117,2014,"soft_bottom",0
118,2014,"soft_bottom",0
119,2014,"soft_bottom",0
120,2014,"soft_bottom",0
121,2014,"soft_bottom",0
122,2014,"soft_bottom",0
123,2014,"soft_bottom",0.0094
124,2014,"soft_bottom",0.0128
125,2014,"soft_bottom",0
126,2014,"soft_bottom",0
127,2014,"soft_bottom",0
129,2014,"soft_bottom",0.0088
130,2014,"soft_bottom",0
131,2014,"soft_bottom",0
132,2014,"soft_bottom",-0.0065
133,2014,"soft_bottom",0
134,2014,"soft_bottom",0
135,2014,"soft_bottom",-0.001
136,2014,"soft_bottom",0
137,2014,"soft_bottom",0.0099
138,2014,"soft_bottom",0.3719
139,2014,"soft_bottom",0
140,2014,"soft_bottom",-0.023
141,2014,"soft_bottom",0.0812
143,2014,"soft_bottom",0.0214
144,2014,"soft_bottom",0.066
145,2014,"soft_bottom",0
147,2014,"soft_bottom",0
148,2014,"soft_bottom",0.0643
149,2014,"soft_bottom",-0.0786
150,2014,"soft_bottom",-0.0103
153,2014,"soft_bottom",-0.0014
154,2014,"soft_bottom",0.0893
155,2014,"soft_bottom",0.0199
157,2014,"soft_bottom",0.1742
158,2014,"soft_bottom",0.0159
159,2014,"soft_bottom",-0.0109
161,2014,"soft_bottom",-0.0059
162,2014,"soft_bottom",0
163,2014,"soft_bottom",0
164,2014,"soft_bottom",0
166,2014,"soft_bottom",0
167,2014,"soft_bottom",-0.007
168,2014,"soft_bottom",0
169,2014,"soft_bottom",0
171,2014,"soft_bottom",0
172,2014,"soft_bottom",0
173,2014,"soft_bottom",0
174,2014,"soft_bottom",0
175,2014,"soft_bottom",0.0312
176,2014,"soft_bottom",0.0023
177,2014,"soft_bottom",0
178,2014,"soft_bottom",0
179,2014,"soft_bottom",0.0117
180,2014,"soft_bottom",0
181,2014,"soft_bottom",0
182,2014,"soft_bottom",-0.0443
183,2014,"soft_bottom",-0.0075
184,2014,"soft_bottom",0
186,2014,"soft_bottom",0
187,2014,"soft_bottom",0
188,2014,"soft_bottom",0.1072
189,2014,"soft_bottom",0
190,2014,"soft_bottom",0
191,2014,"soft_bottom",0
192,2014,"soft_bottom",-0.0248
193,2014,"soft_bottom",0
194,2014,"soft_bottom",0
195,2014,"soft_bottom",-0.0117
196,2014,"soft_bottom",-1
197,2014,"soft_bottom",-0.1056
198,2014,"soft_bottom",0.0127
199,2014,"soft_bottom",0.0202
200,2014,"soft_bottom",-0.0295
202,2014,"soft_bottom",0
203,2014,"soft_bottom",-0.0054
204,2014,"soft_bottom",0.0342
205,2014,"soft_bottom",-0.0181
206,2014,"soft_bottom",-8e-04
207,2014,"soft_bottom",-0.0287
208,2014,"soft_bottom",0.0203
209,2014,"soft_bottom",-0.0235
210,2014,"soft_bottom",0.027
212,2014,"soft_bottom",0.2744
214,2014,"soft_bottom",0
216,2014,"soft_bottom",0
218,2014,"soft_bottom",0
219,2014,"soft_bottom",0
220,2014,"soft_bottom",0.0019
221,2014,"soft_bottom",0
222,2014,"soft_bottom",0
223,2014,"soft_bottom",0.0565
224,2014,"soft_bottom",0.0205
227,2014,"soft_bottom",-0.0076
228,2014,"soft_bottom",0.0502
231,2014,"soft_bottom",0.0106
232,2014,"soft_bottom",-0.1054
237,2014,"soft_bottom",-0.1108
247,2014,"soft_bottom",-0.0164
248,2014,"soft_bottom",0
249,2014,"soft_bottom",0.1889
