"rgn_id","year","habitat","health"
1,2012,"soft_bottom",1
2,2012,"soft_bottom",1
3,2012,"soft_bottom",1
4,2012,"soft_bottom",1
5,2012,"soft_bottom",1
6,2012,"soft_bottom",1
7,2012,"soft_bottom",1
8,2012,"soft_bottom",1
9,2012,"soft_bottom",1
10,2012,"soft_bottom",1
11,2012,"soft_bottom",1
12,2012,"soft_bottom",1
13,2012,"soft_bottom",1
14,2012,"soft_bottom",0.95259131632904
15,2012,"soft_bottom",1
16,2012,"soft_bottom",0.999810086539741
17,2012,"soft_bottom",1
18,2012,"soft_bottom",1
19,2012,"soft_bottom",1
20,2012,"soft_bottom",0.998967860377065
21,2012,"soft_bottom",0.99993096084488
24,2012,"soft_bottom",1
25,2012,"soft_bottom",1
26,2012,"soft_bottom",1
28,2012,"soft_bottom",1
29,2012,"soft_bottom",1
30,2012,"soft_bottom",1
31,2012,"soft_bottom",1
32,2012,"soft_bottom",1
33,2012,"soft_bottom",1
34,2012,"soft_bottom",1
35,2012,"soft_bottom",1
36,2012,"soft_bottom",1
37,2012,"soft_bottom",1
38,2012,"soft_bottom",1
39,2012,"soft_bottom",1
40,2012,"soft_bottom",1
41,2012,"soft_bottom",1
42,2012,"soft_bottom",1
43,2012,"soft_bottom",1
44,2012,"soft_bottom",0.880631505680302
45,2012,"soft_bottom",1
46,2012,"soft_bottom",1
47,2012,"soft_bottom",0.990638708626724
48,2012,"soft_bottom",0.999827408025466
49,2012,"soft_bottom",1
50,2012,"soft_bottom",1
51,2012,"soft_bottom",1
52,2012,"soft_bottom",1
53,2012,"soft_bottom",1
54,2012,"soft_bottom",0.998913957278703
55,2012,"soft_bottom",1
56,2012,"soft_bottom",0.999749647831658
57,2012,"soft_bottom",0.999996050465096
58,2012,"soft_bottom",0.985919849562805
59,2012,"soft_bottom",0.54586941180938
60,2012,"soft_bottom",1
61,2012,"soft_bottom",0.803212700021483
62,2012,"soft_bottom",0.999959810041125
63,2012,"soft_bottom",0.876632636399668
64,2012,"soft_bottom",0.86644189632447
65,2012,"soft_bottom",0.503804708403537
66,2012,"soft_bottom",0.971779065035214
67,2012,"soft_bottom",0.996385880441571
68,2012,"soft_bottom",0.969568353380125
69,2012,"soft_bottom",0.998961456796888
70,2012,"soft_bottom",0.999472453531983
71,2012,"soft_bottom",0.972702699251538
72,2012,"soft_bottom",1
73,2012,"soft_bottom",0.973764718792542
74,2012,"soft_bottom",1
75,2012,"soft_bottom",0.999286495619572
76,2012,"soft_bottom",0.90147142425967
77,2012,"soft_bottom",1
78,2012,"soft_bottom",1
79,2012,"soft_bottom",1
80,2012,"soft_bottom",0.733114031465383
81,2012,"soft_bottom",0.717143024025164
82,2012,"soft_bottom",0.999493428724407
84,2012,"soft_bottom",1
85,2012,"soft_bottom",1
86,2012,"soft_bottom",1
88,2012,"soft_bottom",1
89,2012,"soft_bottom",0.977050936486657
90,2012,"soft_bottom",1
91,2012,"soft_bottom",1
92,2012,"soft_bottom",0
93,2012,"soft_bottom",1
94,2012,"soft_bottom",0.884185076588233
95,2012,"soft_bottom",0.537759135284879
96,2012,"soft_bottom",0.99939379930799
97,2012,"soft_bottom",1
98,2012,"soft_bottom",1
99,2012,"soft_bottom",1
100,2012,"soft_bottom",1
101,2012,"soft_bottom",0.992628955142047
102,2012,"soft_bottom",0.99801023190965
103,2012,"soft_bottom",1
104,2012,"soft_bottom",1
105,2012,"soft_bottom",1
106,2012,"soft_bottom",0.861177888765525
107,2012,"soft_bottom",1
108,2012,"soft_bottom",1
110,2012,"soft_bottom",0.998758833033719
111,2012,"soft_bottom",0.99740177592811
112,2012,"soft_bottom",1
113,2012,"soft_bottom",1
114,2012,"soft_bottom",1
115,2012,"soft_bottom",1
116,2012,"soft_bottom",1
117,2012,"soft_bottom",1
118,2012,"soft_bottom",1
119,2012,"soft_bottom",1
120,2012,"soft_bottom",1
121,2012,"soft_bottom",1
122,2012,"soft_bottom",1
123,2012,"soft_bottom",1
124,2012,"soft_bottom",1
125,2012,"soft_bottom",1
126,2012,"soft_bottom",1
127,2012,"soft_bottom",1
129,2012,"soft_bottom",0.999977055451275
130,2012,"soft_bottom",1
131,2012,"soft_bottom",1
132,2012,"soft_bottom",1
133,2012,"soft_bottom",1
134,2012,"soft_bottom",1
135,2012,"soft_bottom",1
136,2012,"soft_bottom",1
137,2012,"soft_bottom",1
138,2012,"soft_bottom",0.999964074440775
139,2012,"soft_bottom",1
140,2012,"soft_bottom",1
141,2012,"soft_bottom",0.703328275548146
143,2012,"soft_bottom",0.319436049202579
144,2012,"soft_bottom",0.0784745660201202
145,2012,"soft_bottom",0.863156701616638
146,2012,"soft_bottom",1
147,2012,"soft_bottom",0.999990846724852
148,2012,"soft_bottom",1
149,2012,"soft_bottom",1
150,2012,"soft_bottom",1
151,2012,"soft_bottom",1
152,2012,"soft_bottom",1
153,2012,"soft_bottom",1
154,2012,"soft_bottom",1
155,2012,"soft_bottom",1
156,2012,"soft_bottom",1
157,2012,"soft_bottom",1
158,2012,"soft_bottom",1
159,2012,"soft_bottom",1
161,2012,"soft_bottom",1
162,2012,"soft_bottom",0.868550914665488
163,2012,"soft_bottom",0.969181381924844
164,2012,"soft_bottom",1
166,2012,"soft_bottom",1
167,2012,"soft_bottom",1
168,2012,"soft_bottom",0.999207175382066
169,2012,"soft_bottom",0.662594579457153
171,2012,"soft_bottom",0.999985289980609
172,2012,"soft_bottom",0.834822899250254
173,2012,"soft_bottom",0.495468100639215
174,2012,"soft_bottom",0.99979374580011
175,2012,"soft_bottom",0.676018873562556
176,2012,"soft_bottom",0.775413314439138
177,2012,"soft_bottom",0.421585866821189
178,2012,"soft_bottom",0.850130482435045
179,2012,"soft_bottom",0.450646411199598
180,2012,"soft_bottom",0.816975696502566
181,2012,"soft_bottom",0.79042918571934
182,2012,"soft_bottom",0.708812138631545
183,2012,"soft_bottom",0.576206975210905
184,2012,"soft_bottom",0.818347936834833
185,2012,"soft_bottom",1
186,2012,"soft_bottom",1
187,2012,"soft_bottom",0.970535916372484
188,2012,"soft_bottom",1
189,2012,"soft_bottom",0.984750615687041
190,2012,"soft_bottom",1
191,2012,"soft_bottom",0.995654242616986
192,2012,"soft_bottom",1
193,2012,"soft_bottom",0.821876075735526
194,2012,"soft_bottom",0.887914977689189
195,2012,"soft_bottom",0.983538495478407
196,2012,"soft_bottom",1
197,2012,"soft_bottom",1
198,2012,"soft_bottom",0.990197328247036
199,2012,"soft_bottom",0.999390798537049
200,2012,"soft_bottom",0.989615283635007
202,2012,"soft_bottom",1
203,2012,"soft_bottom",1
204,2012,"soft_bottom",1
205,2012,"soft_bottom",1
206,2012,"soft_bottom",1
207,2012,"soft_bottom",0.99997917492505
208,2012,"soft_bottom",1
209,2012,"soft_bottom",0.612282516776992
210,2012,"soft_bottom",0.994560668805079
212,2012,"soft_bottom",1
214,2012,"soft_bottom",0.999585711733571
215,2012,"soft_bottom",1
216,2012,"soft_bottom",0.999732114862219
218,2012,"soft_bottom",0.989182394694965
219,2012,"soft_bottom",0.997865524339091
220,2012,"soft_bottom",1
221,2012,"soft_bottom",1
222,2012,"soft_bottom",0.847832753744438
223,2012,"soft_bottom",0.709086356949832
224,2012,"soft_bottom",0.976298572298656
227,2012,"soft_bottom",0.940523386643883
228,2012,"soft_bottom",0
231,2012,"soft_bottom",1
232,2012,"soft_bottom",1
237,2012,"soft_bottom",1
244,2012,"soft_bottom",1
245,2012,"soft_bottom",1
247,2012,"soft_bottom",1
248,2012,"soft_bottom",1
249,2012,"soft_bottom",1
250,2012,"soft_bottom",1
1,2013,"soft_bottom",1
2,2013,"soft_bottom",1
3,2013,"soft_bottom",1
4,2013,"soft_bottom",1
5,2013,"soft_bottom",1
6,2013,"soft_bottom",1
7,2013,"soft_bottom",1
8,2013,"soft_bottom",1
9,2013,"soft_bottom",1
10,2013,"soft_bottom",1
11,2013,"soft_bottom",1
12,2013,"soft_bottom",1
13,2013,"soft_bottom",1
14,2013,"soft_bottom",0.691801474499492
15,2013,"soft_bottom",1
16,2013,"soft_bottom",0.994990870580753
17,2013,"soft_bottom",1
18,2013,"soft_bottom",1
19,2013,"soft_bottom",1
20,2013,"soft_bottom",0.967838158818395
21,2013,"soft_bottom",0.955911890043799
24,2013,"soft_bottom",1
25,2013,"soft_bottom",1
26,2013,"soft_bottom",1
28,2013,"soft_bottom",1
29,2013,"soft_bottom",1
30,2013,"soft_bottom",1
31,2013,"soft_bottom",1
32,2013,"soft_bottom",1
33,2013,"soft_bottom",1
34,2013,"soft_bottom",1
35,2013,"soft_bottom",1
36,2013,"soft_bottom",1
37,2013,"soft_bottom",0.999790047678513
38,2013,"soft_bottom",1
39,2013,"soft_bottom",1
40,2013,"soft_bottom",1
41,2013,"soft_bottom",0.998537242631903
42,2013,"soft_bottom",1
43,2013,"soft_bottom",1
44,2013,"soft_bottom",0.865406885401659
45,2013,"soft_bottom",1
46,2013,"soft_bottom",1
47,2013,"soft_bottom",0.9999732906143
48,2013,"soft_bottom",0.998981212504326
49,2013,"soft_bottom",1
50,2013,"soft_bottom",1
51,2013,"soft_bottom",1
52,2013,"soft_bottom",0.999695344504793
53,2013,"soft_bottom",1
54,2013,"soft_bottom",0.997051598299405
55,2013,"soft_bottom",0.998823137172672
56,2013,"soft_bottom",1
57,2013,"soft_bottom",0.997285365339791
58,2013,"soft_bottom",0.972560856169134
59,2013,"soft_bottom",0
60,2013,"soft_bottom",0.397864994024488
61,2013,"soft_bottom",0.561437841204318
62,2013,"soft_bottom",0.93367732680315
63,2013,"soft_bottom",0.981103103800994
64,2013,"soft_bottom",0.827295155333592
65,2013,"soft_bottom",0.880964379565079
66,2013,"soft_bottom",0.992241704354834
67,2013,"soft_bottom",0.931022852920473
68,2013,"soft_bottom",0.383846842258678
69,2013,"soft_bottom",0.984228300205645
70,2013,"soft_bottom",0.994692428602806
71,2013,"soft_bottom",0.919439431628301
72,2013,"soft_bottom",0.989490658605867
73,2013,"soft_bottom",0.960880003644284
74,2013,"soft_bottom",0.999134904699927
75,2013,"soft_bottom",0.982820153648194
76,2013,"soft_bottom",0.549565898795699
77,2013,"soft_bottom",0.999266103828746
78,2013,"soft_bottom",0.999089932459847
79,2013,"soft_bottom",0.0399105689186525
80,2013,"soft_bottom",0.427557616130748
81,2013,"soft_bottom",0.574121839135787
82,2013,"soft_bottom",0.951763165039054
84,2013,"soft_bottom",0.999371849949518
85,2013,"soft_bottom",1
86,2013,"soft_bottom",1
88,2013,"soft_bottom",1
89,2013,"soft_bottom",0.960187847307576
90,2013,"soft_bottom",1
91,2013,"soft_bottom",1
92,2013,"soft_bottom",0.470970659538962
93,2013,"soft_bottom",0.993129833327389
94,2013,"soft_bottom",0.92772203827769
95,2013,"soft_bottom",0.589620862672908
96,2013,"soft_bottom",0.971628858226867
97,2013,"soft_bottom",0.996601598324544
98,2013,"soft_bottom",0.998024007196406
99,2013,"soft_bottom",1
100,2013,"soft_bottom",0.888722128691904
101,2013,"soft_bottom",0.984840367321765
102,2013,"soft_bottom",0.983960376596211
103,2013,"soft_bottom",1
104,2013,"soft_bottom",0.823258088547671
105,2013,"soft_bottom",1
106,2013,"soft_bottom",0.877635994328303
107,2013,"soft_bottom",1
108,2013,"soft_bottom",1
110,2013,"soft_bottom",0.999331670470123
111,2013,"soft_bottom",1
112,2013,"soft_bottom",1
113,2013,"soft_bottom",1
114,2013,"soft_bottom",1
115,2013,"soft_bottom",1
116,2013,"soft_bottom",1
117,2013,"soft_bottom",1
118,2013,"soft_bottom",1
119,2013,"soft_bottom",1
120,2013,"soft_bottom",1
121,2013,"soft_bottom",1
122,2013,"soft_bottom",1
123,2013,"soft_bottom",1
124,2013,"soft_bottom",1
125,2013,"soft_bottom",1
126,2013,"soft_bottom",1
127,2013,"soft_bottom",1
129,2013,"soft_bottom",0.999960405755485
130,2013,"soft_bottom",1
131,2013,"soft_bottom",1
132,2013,"soft_bottom",1
133,2013,"soft_bottom",1
134,2013,"soft_bottom",1
135,2013,"soft_bottom",1
136,2013,"soft_bottom",1
137,2013,"soft_bottom",1
138,2013,"soft_bottom",0.998343612584496
139,2013,"soft_bottom",1
140,2013,"soft_bottom",1
141,2013,"soft_bottom",0.509797362734529
143,2013,"soft_bottom",0.289246450276085
144,2013,"soft_bottom",0.21335420756241
145,2013,"soft_bottom",0.884259002087041
146,2013,"soft_bottom",1
147,2013,"soft_bottom",1
148,2013,"soft_bottom",1
149,2013,"soft_bottom",1
150,2013,"soft_bottom",1
151,2013,"soft_bottom",1
152,2013,"soft_bottom",1
153,2013,"soft_bottom",1
154,2013,"soft_bottom",1
155,2013,"soft_bottom",1
156,2013,"soft_bottom",1
157,2013,"soft_bottom",1
158,2013,"soft_bottom",1
159,2013,"soft_bottom",1
161,2013,"soft_bottom",1
162,2013,"soft_bottom",0.835763146467604
163,2013,"soft_bottom",0.962712689389746
164,2013,"soft_bottom",1
166,2013,"soft_bottom",1
167,2013,"soft_bottom",1
168,2013,"soft_bottom",0.999694673949501
169,2013,"soft_bottom",0.676906759067328
171,2013,"soft_bottom",0.99959896606106
172,2013,"soft_bottom",0.795840350803487
173,2013,"soft_bottom",0.476600341491665
174,2013,"soft_bottom",0.996194417819193
175,2013,"soft_bottom",0.313472517893441
176,2013,"soft_bottom",0.353471363614539
177,2013,"soft_bottom",0.00250455702491637
178,2013,"soft_bottom",0.783616902208093
179,2013,"soft_bottom",0
180,2013,"soft_bottom",0.370799793687941
181,2013,"soft_bottom",0.353419926853666
182,2013,"soft_bottom",0
183,2013,"soft_bottom",0.0132227871164241
184,2013,"soft_bottom",0
185,2013,"soft_bottom",1
186,2013,"soft_bottom",0.909563688592354
187,2013,"soft_bottom",0.611962364191813
188,2013,"soft_bottom",0.967173307176201
189,2013,"soft_bottom",0.846907069940769
190,2013,"soft_bottom",1
191,2013,"soft_bottom",0.980573685170142
192,2013,"soft_bottom",1
193,2013,"soft_bottom",0.938523242897507
194,2013,"soft_bottom",0.782563993775915
195,2013,"soft_bottom",0.994121837332673
196,2013,"soft_bottom",1
197,2013,"soft_bottom",1
198,2013,"soft_bottom",0.884962119829804
199,2013,"soft_bottom",0.977571381969351
200,2013,"soft_bottom",0.919877605717515
202,2013,"soft_bottom",1
203,2013,"soft_bottom",1
204,2013,"soft_bottom",1
205,2013,"soft_bottom",1
206,2013,"soft_bottom",1
207,2013,"soft_bottom",0.99996802560726
208,2013,"soft_bottom",0.716923625063241
209,2013,"soft_bottom",0
210,2013,"soft_bottom",0.984798911094751
212,2013,"soft_bottom",1
214,2013,"soft_bottom",0.999894487007095
215,2013,"soft_bottom",1
216,2013,"soft_bottom",0.995544767014493
218,2013,"soft_bottom",0.983794837974495
219,2013,"soft_bottom",0.999622349030667
220,2013,"soft_bottom",1
221,2013,"soft_bottom",1
222,2013,"soft_bottom",0.771944022202168
223,2013,"soft_bottom",0.648013405304332
224,2013,"soft_bottom",0.982019576541253
227,2013,"soft_bottom",0.452092268482921
228,2013,"soft_bottom",0
231,2013,"soft_bottom",1
232,2013,"soft_bottom",1
237,2013,"soft_bottom",1
244,2013,"soft_bottom",1
245,2013,"soft_bottom",1
247,2013,"soft_bottom",1
248,2013,"soft_bottom",1
249,2013,"soft_bottom",1
250,2013,"soft_bottom",1
1,2014,"soft_bottom",1
2,2014,"soft_bottom",1
3,2014,"soft_bottom",1
4,2014,"soft_bottom",1
5,2014,"soft_bottom",1
6,2014,"soft_bottom",1
7,2014,"soft_bottom",1
8,2014,"soft_bottom",1
9,2014,"soft_bottom",1
10,2014,"soft_bottom",1
11,2014,"soft_bottom",1
12,2014,"soft_bottom",1
13,2014,"soft_bottom",1
14,2014,"soft_bottom",0.658842639603947
15,2014,"soft_bottom",1
16,2014,"soft_bottom",0.991742473332034
17,2014,"soft_bottom",0.999432061155192
18,2014,"soft_bottom",1
19,2014,"soft_bottom",1
20,2014,"soft_bottom",0.938495318194066
21,2014,"soft_bottom",0.933546565425832
24,2014,"soft_bottom",1
25,2014,"soft_bottom",0.999929343354012
26,2014,"soft_bottom",1
28,2014,"soft_bottom",1
29,2014,"soft_bottom",1
30,2014,"soft_bottom",1
31,2014,"soft_bottom",1
32,2014,"soft_bottom",1
33,2014,"soft_bottom",1
34,2014,"soft_bottom",1
35,2014,"soft_bottom",1
36,2014,"soft_bottom",1
37,2014,"soft_bottom",0.998943063276368
38,2014,"soft_bottom",1
39,2014,"soft_bottom",1
40,2014,"soft_bottom",0.999888066544131
41,2014,"soft_bottom",0.992740748590202
42,2014,"soft_bottom",0.930832708819582
43,2014,"soft_bottom",1
44,2014,"soft_bottom",0.855922451097672
45,2014,"soft_bottom",1
46,2014,"soft_bottom",1
47,2014,"soft_bottom",0.99980319819844
48,2014,"soft_bottom",0.993562269730638
49,2014,"soft_bottom",1
50,2014,"soft_bottom",0.99912355365615
51,2014,"soft_bottom",1
52,2014,"soft_bottom",1
53,2014,"soft_bottom",1
54,2014,"soft_bottom",0.99351822287955
55,2014,"soft_bottom",0.99689350212023
56,2014,"soft_bottom",0.999352218895706
57,2014,"soft_bottom",0.996775038719764
58,2014,"soft_bottom",0.973926867812613
59,2014,"soft_bottom",0
60,2014,"soft_bottom",0.383545759305063
61,2014,"soft_bottom",0.439554034091875
62,2014,"soft_bottom",0.803407976546386
63,2014,"soft_bottom",0.766888677205172
64,2014,"soft_bottom",0.646963263373931
65,2014,"soft_bottom",0.205134687920476
66,2014,"soft_bottom",0.927580820282433
67,2014,"soft_bottom",0.927114731031841
68,2014,"soft_bottom",0.351975633363943
69,2014,"soft_bottom",0.980884472248424
70,2014,"soft_bottom",0.997676597335172
71,2014,"soft_bottom",0.739859263533766
72,2014,"soft_bottom",0.986427322755327
73,2014,"soft_bottom",0.964699272620763
74,2014,"soft_bottom",0.921965596216406
75,2014,"soft_bottom",0.987596818253231
76,2014,"soft_bottom",0.477681820859587
77,2014,"soft_bottom",0.885972310100283
78,2014,"soft_bottom",0.996080875004553
79,2014,"soft_bottom",0
80,2014,"soft_bottom",0.170391040549996
81,2014,"soft_bottom",0.849366957191842
82,2014,"soft_bottom",0.91368806531159
84,2014,"soft_bottom",1
85,2014,"soft_bottom",1
86,2014,"soft_bottom",1
88,2014,"soft_bottom",1
89,2014,"soft_bottom",0.964069063363752
90,2014,"soft_bottom",1
91,2014,"soft_bottom",1
92,2014,"soft_bottom",0.401582710629347
93,2014,"soft_bottom",0.999973097585239
94,2014,"soft_bottom",0.878324478515836
95,2014,"soft_bottom",0.535096139768957
96,2014,"soft_bottom",0.946610747294603
97,2014,"soft_bottom",1
98,2014,"soft_bottom",1
99,2014,"soft_bottom",1
100,2014,"soft_bottom",1
101,2014,"soft_bottom",0.976481845566621
102,2014,"soft_bottom",0.969395733785088
103,2014,"soft_bottom",1
104,2014,"soft_bottom",0.936303815894458
105,2014,"soft_bottom",1
106,2014,"soft_bottom",0.658495418313259
107,2014,"soft_bottom",1
108,2014,"soft_bottom",1
110,2014,"soft_bottom",0.999511439584452
111,2014,"soft_bottom",0.999451351804452
112,2014,"soft_bottom",1
113,2014,"soft_bottom",1
114,2014,"soft_bottom",1
115,2014,"soft_bottom",1
116,2014,"soft_bottom",1
117,2014,"soft_bottom",1
118,2014,"soft_bottom",1
119,2014,"soft_bottom",1
120,2014,"soft_bottom",1
121,2014,"soft_bottom",1
122,2014,"soft_bottom",1
123,2014,"soft_bottom",1
124,2014,"soft_bottom",1
125,2014,"soft_bottom",1
126,2014,"soft_bottom",1
127,2014,"soft_bottom",1
129,2014,"soft_bottom",0.999222332748706
130,2014,"soft_bottom",1
131,2014,"soft_bottom",1
132,2014,"soft_bottom",1
133,2014,"soft_bottom",1
134,2014,"soft_bottom",1
135,2014,"soft_bottom",0.99979201205807
136,2014,"soft_bottom",1
137,2014,"soft_bottom",1
138,2014,"soft_bottom",0.999721887030646
139,2014,"soft_bottom",1
140,2014,"soft_bottom",1
141,2014,"soft_bottom",0.2610633186895
143,2014,"soft_bottom",0.44167767588664
144,2014,"soft_bottom",0.411495633219266
145,2014,"soft_bottom",0.847417260291371
146,2014,"soft_bottom",1
147,2014,"soft_bottom",1
148,2014,"soft_bottom",1
149,2014,"soft_bottom",1
150,2014,"soft_bottom",1
151,2014,"soft_bottom",1
152,2014,"soft_bottom",1
153,2014,"soft_bottom",1
154,2014,"soft_bottom",1
155,2014,"soft_bottom",1
156,2014,"soft_bottom",1
157,2014,"soft_bottom",1
158,2014,"soft_bottom",1
159,2014,"soft_bottom",1
161,2014,"soft_bottom",1
162,2014,"soft_bottom",0.827263404587455
163,2014,"soft_bottom",0.957259365324083
164,2014,"soft_bottom",1
166,2014,"soft_bottom",1
167,2014,"soft_bottom",1
168,2014,"soft_bottom",0.9999814129111
169,2014,"soft_bottom",0.595512016741047
171,2014,"soft_bottom",0.997197534535442
172,2014,"soft_bottom",0.781534578978486
173,2014,"soft_bottom",0.408441096017955
174,2014,"soft_bottom",0.997158022506869
175,2014,"soft_bottom",0.233220789996047
176,2014,"soft_bottom",0.264319084002735
177,2014,"soft_bottom",0
178,2014,"soft_bottom",0.656591026171182
179,2014,"soft_bottom",0
180,2014,"soft_bottom",0.300713449084287
181,2014,"soft_bottom",0.386421596866785
182,2014,"soft_bottom",0
183,2014,"soft_bottom",0.0046024693489809
184,2014,"soft_bottom",0
185,2014,"soft_bottom",1
186,2014,"soft_bottom",0.92240084183165
187,2014,"soft_bottom",0.303322324021985
188,2014,"soft_bottom",0.184250919111129
189,2014,"soft_bottom",0.825686310133594
190,2014,"soft_bottom",0.97621110661754
191,2014,"soft_bottom",0.963171875150585
192,2014,"soft_bottom",1
193,2014,"soft_bottom",0.877841372420082
194,2014,"soft_bottom",0.973528697881887
195,2014,"soft_bottom",0.840050749694654
196,2014,"soft_bottom",1
197,2014,"soft_bottom",1
198,2014,"soft_bottom",0.869012711081894
199,2014,"soft_bottom",0.987134805810422
200,2014,"soft_bottom",0.928528421677275
202,2014,"soft_bottom",1
203,2014,"soft_bottom",0.998714775169432
204,2014,"soft_bottom",1
205,2014,"soft_bottom",1
206,2014,"soft_bottom",0.999998903607083
207,2014,"soft_bottom",0.999724272460897
208,2014,"soft_bottom",0.630270528792249
209,2014,"soft_bottom",0
210,2014,"soft_bottom",0.984892999429723
212,2014,"soft_bottom",1
214,2014,"soft_bottom",0.999985317802316
215,2014,"soft_bottom",1
216,2014,"soft_bottom",0.992699816145038
218,2014,"soft_bottom",0.984238271320855
219,2014,"soft_bottom",0.999690015821402
220,2014,"soft_bottom",1
221,2014,"soft_bottom",1
222,2014,"soft_bottom",0.710927783853802
223,2014,"soft_bottom",0.631356144277201
224,2014,"soft_bottom",0.984853634180398
227,2014,"soft_bottom",0.351101430149055
228,2014,"soft_bottom",0
231,2014,"soft_bottom",1
232,2014,"soft_bottom",1
237,2014,"soft_bottom",1
244,2014,"soft_bottom",1
245,2014,"soft_bottom",1
247,2014,"soft_bottom",1
248,2014,"soft_bottom",1
249,2014,"soft_bottom",1
250,2014,"soft_bottom",1
1,2015,"soft_bottom",1
2,2015,"soft_bottom",1
3,2015,"soft_bottom",1
4,2015,"soft_bottom",1
5,2015,"soft_bottom",1
6,2015,"soft_bottom",1
7,2015,"soft_bottom",1
8,2015,"soft_bottom",1
9,2015,"soft_bottom",1
10,2015,"soft_bottom",1
11,2015,"soft_bottom",0.999962462148125
12,2015,"soft_bottom",1
13,2015,"soft_bottom",0.999676098810834
14,2015,"soft_bottom",0.393986616387895
15,2015,"soft_bottom",1
16,2015,"soft_bottom",0.988426599787736
17,2015,"soft_bottom",1
18,2015,"soft_bottom",1
19,2015,"soft_bottom",0.999359642714841
20,2015,"soft_bottom",0.87863829331371
21,2015,"soft_bottom",0.971205497729321
24,2015,"soft_bottom",1
25,2015,"soft_bottom",1
26,2015,"soft_bottom",1
28,2015,"soft_bottom",1
29,2015,"soft_bottom",1
30,2015,"soft_bottom",1
31,2015,"soft_bottom",0.999993302773348
32,2015,"soft_bottom",0.967153176496198
33,2015,"soft_bottom",1
34,2015,"soft_bottom",1
35,2015,"soft_bottom",1
36,2015,"soft_bottom",1
37,2015,"soft_bottom",0.999998738391744
38,2015,"soft_bottom",1
39,2015,"soft_bottom",1
40,2015,"soft_bottom",1
41,2015,"soft_bottom",0.967643409147373
42,2015,"soft_bottom",0.997212438742951
43,2015,"soft_bottom",1
44,2015,"soft_bottom",1
45,2015,"soft_bottom",1
46,2015,"soft_bottom",1
47,2015,"soft_bottom",1
48,2015,"soft_bottom",0.997660867206516
49,2015,"soft_bottom",1
50,2015,"soft_bottom",1
51,2015,"soft_bottom",1
52,2015,"soft_bottom",1
53,2015,"soft_bottom",1
54,2015,"soft_bottom",0.999040941233645
55,2015,"soft_bottom",1
56,2015,"soft_bottom",1
57,2015,"soft_bottom",0.992441126855219
58,2015,"soft_bottom",0.982016425207899
59,2015,"soft_bottom",0
60,2015,"soft_bottom",0.667442343299367
61,2015,"soft_bottom",0.513555369741802
62,2015,"soft_bottom",0.840402025382417
63,2015,"soft_bottom",0.925945341049554
64,2015,"soft_bottom",0.87789222851822
65,2015,"soft_bottom",0.440678873870746
66,2015,"soft_bottom",0.49962661415147
67,2015,"soft_bottom",0.947418318553855
68,2015,"soft_bottom",0.458001792897282
69,2015,"soft_bottom",0.963551196784057
70,2015,"soft_bottom",0.989243329406705
71,2015,"soft_bottom",0.594167582296068
72,2015,"soft_bottom",0.971647929944156
73,2015,"soft_bottom",0.958768957146613
74,2015,"soft_bottom",0.920118545655579
75,2015,"soft_bottom",0.90080149259862
76,2015,"soft_bottom",0.419142831701283
77,2015,"soft_bottom",0.980282445704758
78,2015,"soft_bottom",0.998427929138279
79,2015,"soft_bottom",0
80,2015,"soft_bottom",0.182549622071968
81,2015,"soft_bottom",0.719088468791839
82,2015,"soft_bottom",0.882546144101857
84,2015,"soft_bottom",1
85,2015,"soft_bottom",1
86,2015,"soft_bottom",1
88,2015,"soft_bottom",0.796748354361693
89,2015,"soft_bottom",0.960238061088794
90,2015,"soft_bottom",1
91,2015,"soft_bottom",1
92,2015,"soft_bottom",0.317308083403429
93,2015,"soft_bottom",0.999302379775486
94,2015,"soft_bottom",1
95,2015,"soft_bottom",0.573258166489113
96,2015,"soft_bottom",0.870751300827265
97,2015,"soft_bottom",0.972360973396318
98,2015,"soft_bottom",1
99,2015,"soft_bottom",1
100,2015,"soft_bottom",0.904579745740282
101,2015,"soft_bottom",0.947764433285178
102,2015,"soft_bottom",0.904213069503105
103,2015,"soft_bottom",1
104,2015,"soft_bottom",0.966116638777731
105,2015,"soft_bottom",1
106,2015,"soft_bottom",0.64506148267117
107,2015,"soft_bottom",1
108,2015,"soft_bottom",1
110,2015,"soft_bottom",1
111,2015,"soft_bottom",1
112,2015,"soft_bottom",1
113,2015,"soft_bottom",1
114,2015,"soft_bottom",1
115,2015,"soft_bottom",1
116,2015,"soft_bottom",1
117,2015,"soft_bottom",1
118,2015,"soft_bottom",1
119,2015,"soft_bottom",1
120,2015,"soft_bottom",1
121,2015,"soft_bottom",1
122,2015,"soft_bottom",1
123,2015,"soft_bottom",1
124,2015,"soft_bottom",1
125,2015,"soft_bottom",1
126,2015,"soft_bottom",1
127,2015,"soft_bottom",1
129,2015,"soft_bottom",0.999913359592738
130,2015,"soft_bottom",1
131,2015,"soft_bottom",1
132,2015,"soft_bottom",1
133,2015,"soft_bottom",1
134,2015,"soft_bottom",1
135,2015,"soft_bottom",1
136,2015,"soft_bottom",1
137,2015,"soft_bottom",1
138,2015,"soft_bottom",0.999769805229488
139,2015,"soft_bottom",0.999999999999984
140,2015,"soft_bottom",1
141,2015,"soft_bottom",0.243179064217495
143,2015,"soft_bottom",0.329209927574362
144,2015,"soft_bottom",0.705429650460399
145,2015,"soft_bottom",0.872044523954179
146,2015,"soft_bottom",1
147,2015,"soft_bottom",1
148,2015,"soft_bottom",1
149,2015,"soft_bottom",1
150,2015,"soft_bottom",1
151,2015,"soft_bottom",1
152,2015,"soft_bottom",1
153,2015,"soft_bottom",1
154,2015,"soft_bottom",1
155,2015,"soft_bottom",1
156,2015,"soft_bottom",1
157,2015,"soft_bottom",1
158,2015,"soft_bottom",1
159,2015,"soft_bottom",1
161,2015,"soft_bottom",1
162,2015,"soft_bottom",0.822673214287372
163,2015,"soft_bottom",0.952730279908749
164,2015,"soft_bottom",1
166,2015,"soft_bottom",1
167,2015,"soft_bottom",1
168,2015,"soft_bottom",1
169,2015,"soft_bottom",0.671292940351722
171,2015,"soft_bottom",0.986092150798081
172,2015,"soft_bottom",0.782676014925276
173,2015,"soft_bottom",0.48385501602821
174,2015,"soft_bottom",0.968566510473891
175,2015,"soft_bottom",0.311210495893093
176,2015,"soft_bottom",0.0503759869011497
177,2015,"soft_bottom",0
178,2015,"soft_bottom",0.584745173404537
179,2015,"soft_bottom",0
180,2015,"soft_bottom",0.295824531829104
181,2015,"soft_bottom",0.423154716855229
182,2015,"soft_bottom",0
183,2015,"soft_bottom",0
184,2015,"soft_bottom",0
185,2015,"soft_bottom",1
186,2015,"soft_bottom",0.763802286542247
187,2015,"soft_bottom",0.126630126596878
188,2015,"soft_bottom",0
189,2015,"soft_bottom",0.909587961189328
190,2015,"soft_bottom",0.9782679349337
191,2015,"soft_bottom",0.975715066347817
192,2015,"soft_bottom",1
193,2015,"soft_bottom",0.531185006898893
194,2015,"soft_bottom",0.946180784787945
195,2015,"soft_bottom",0.521860543675594
196,2015,"soft_bottom",1
197,2015,"soft_bottom",0.925013941864544
198,2015,"soft_bottom",0.825788599397358
199,2015,"soft_bottom",0.938526273842045
200,2015,"soft_bottom",0.845137267902837
202,2015,"soft_bottom",1
203,2015,"soft_bottom",0.994737367019613
204,2015,"soft_bottom",1
205,2015,"soft_bottom",0.999333524731638
206,2015,"soft_bottom",0.958304465741603
207,2015,"soft_bottom",0.998918267828218
208,2015,"soft_bottom",0.580025503412176
209,2015,"soft_bottom",0
210,2015,"soft_bottom",0.98719628590738
212,2015,"soft_bottom",0.991211686922986
214,2015,"soft_bottom",0.997501025040693
215,2015,"soft_bottom",1
216,2015,"soft_bottom",0.999710525929841
218,2015,"soft_bottom",0.981874074159283
219,2015,"soft_bottom",0.996956515064867
220,2015,"soft_bottom",1
221,2015,"soft_bottom",1
222,2015,"soft_bottom",0.74479127403484
223,2015,"soft_bottom",0.625006320309099
224,2015,"soft_bottom",0.983078312995071
227,2015,"soft_bottom",0.239089765935907
228,2015,"soft_bottom",0
231,2015,"soft_bottom",1
232,2015,"soft_bottom",1
237,2015,"soft_bottom",1
244,2015,"soft_bottom",1
245,2015,"soft_bottom",1
247,2015,"soft_bottom",1
248,2015,"soft_bottom",1
249,2015,"soft_bottom",1
250,2015,"soft_bottom",1
1,2016,"soft_bottom",1
2,2016,"soft_bottom",1
3,2016,"soft_bottom",1
4,2016,"soft_bottom",1
5,2016,"soft_bottom",1
6,2016,"soft_bottom",1
7,2016,"soft_bottom",1
8,2016,"soft_bottom",1
9,2016,"soft_bottom",1
10,2016,"soft_bottom",1
11,2016,"soft_bottom",1
12,2016,"soft_bottom",1
13,2016,"soft_bottom",1
14,2016,"soft_bottom",0.305732776322862
15,2016,"soft_bottom",1
16,2016,"soft_bottom",0.982077990620553
17,2016,"soft_bottom",1
18,2016,"soft_bottom",1
19,2016,"soft_bottom",1
20,2016,"soft_bottom",0.915908351767642
21,2016,"soft_bottom",0.872130402188651
24,2016,"soft_bottom",1
25,2016,"soft_bottom",0.998330692117848
26,2016,"soft_bottom",1
28,2016,"soft_bottom",1
29,2016,"soft_bottom",1
30,2016,"soft_bottom",1
31,2016,"soft_bottom",1
32,2016,"soft_bottom",0.986427839051792
33,2016,"soft_bottom",1
34,2016,"soft_bottom",1
35,2016,"soft_bottom",1
36,2016,"soft_bottom",1
37,2016,"soft_bottom",1
38,2016,"soft_bottom",1
39,2016,"soft_bottom",1
40,2016,"soft_bottom",0.999957273543471
41,2016,"soft_bottom",0.784501937037075
42,2016,"soft_bottom",0.955660191102134
43,2016,"soft_bottom",0.932035870229982
44,2016,"soft_bottom",1
45,2016,"soft_bottom",1
46,2016,"soft_bottom",1
47,2016,"soft_bottom",1
48,2016,"soft_bottom",0.998615694751487
49,2016,"soft_bottom",1
50,2016,"soft_bottom",0.999754183453781
51,2016,"soft_bottom",1
52,2016,"soft_bottom",1
53,2016,"soft_bottom",1
54,2016,"soft_bottom",0.997890001773137
55,2016,"soft_bottom",0.973189996403371
56,2016,"soft_bottom",0.998491628841661
57,2016,"soft_bottom",0.995307040460168
58,2016,"soft_bottom",0.957826580483655
59,2016,"soft_bottom",0
60,2016,"soft_bottom",0.64653034714585
61,2016,"soft_bottom",0.474925296409641
62,2016,"soft_bottom",0.590467326576594
63,2016,"soft_bottom",0.933551169768459
64,2016,"soft_bottom",0.732303505746436
65,2016,"soft_bottom",0.98630884543097
66,2016,"soft_bottom",0.433678828630866
67,2016,"soft_bottom",0.942898175160096
68,2016,"soft_bottom",0.312466294899607
69,2016,"soft_bottom",0.969819983682208
70,2016,"soft_bottom",0.977651475475803
71,2016,"soft_bottom",0.660875466543173
72,2016,"soft_bottom",0.967178443843345
73,2016,"soft_bottom",0.949668954105488
74,2016,"soft_bottom",0.961349265617671
75,2016,"soft_bottom",0.903748590979633
76,2016,"soft_bottom",0.316793609382594
77,2016,"soft_bottom",0.909049700005264
78,2016,"soft_bottom",0.999989539778555
79,2016,"soft_bottom",0
80,2016,"soft_bottom",0.145203771359254
81,2016,"soft_bottom",0.428967581438792
82,2016,"soft_bottom",0.841494265270045
84,2016,"soft_bottom",0.999877736174114
85,2016,"soft_bottom",1
86,2016,"soft_bottom",1
88,2016,"soft_bottom",0.788306134323002
89,2016,"soft_bottom",0.9511303333138
90,2016,"soft_bottom",1
91,2016,"soft_bottom",1
92,2016,"soft_bottom",0.0266053689762552
93,2016,"soft_bottom",1
94,2016,"soft_bottom",1
95,2016,"soft_bottom",0.621530897230971
96,2016,"soft_bottom",0.741257180291265
97,2016,"soft_bottom",1
98,2016,"soft_bottom",1
99,2016,"soft_bottom",1
100,2016,"soft_bottom",0.000486592394939978
101,2016,"soft_bottom",0.95091972774352
102,2016,"soft_bottom",0.725000590256067
103,2016,"soft_bottom",1
104,2016,"soft_bottom",0.896632298032568
105,2016,"soft_bottom",1
106,2016,"soft_bottom",0.597513415870792
107,2016,"soft_bottom",1
108,2016,"soft_bottom",1
110,2016,"soft_bottom",1
111,2016,"soft_bottom",1
112,2016,"soft_bottom",1
113,2016,"soft_bottom",1
114,2016,"soft_bottom",1
115,2016,"soft_bottom",1
116,2016,"soft_bottom",1
117,2016,"soft_bottom",1
118,2016,"soft_bottom",1
119,2016,"soft_bottom",1
120,2016,"soft_bottom",1
121,2016,"soft_bottom",1
122,2016,"soft_bottom",1
123,2016,"soft_bottom",1
124,2016,"soft_bottom",1
125,2016,"soft_bottom",1
126,2016,"soft_bottom",1
127,2016,"soft_bottom",1
129,2016,"soft_bottom",0.996178384772868
130,2016,"soft_bottom",1
131,2016,"soft_bottom",1
132,2016,"soft_bottom",0.999232028171355
133,2016,"soft_bottom",1
134,2016,"soft_bottom",1
135,2016,"soft_bottom",1
136,2016,"soft_bottom",1
137,2016,"soft_bottom",1
138,2016,"soft_bottom",0.999976921342086
139,2016,"soft_bottom",0.999995961363559
140,2016,"soft_bottom",1
141,2016,"soft_bottom",0.290564742836978
143,2016,"soft_bottom",0.462443417402466
144,2016,"soft_bottom",0.962668773732624
145,2016,"soft_bottom",0.886725373243369
146,2016,"soft_bottom",1
147,2016,"soft_bottom",0.9997942642355
148,2016,"soft_bottom",1
149,2016,"soft_bottom",1
150,2016,"soft_bottom",1
151,2016,"soft_bottom",1
152,2016,"soft_bottom",1
153,2016,"soft_bottom",1
154,2016,"soft_bottom",1
155,2016,"soft_bottom",1
156,2016,"soft_bottom",1
157,2016,"soft_bottom",1
158,2016,"soft_bottom",1
159,2016,"soft_bottom",1
161,2016,"soft_bottom",1
162,2016,"soft_bottom",0.784742410318917
163,2016,"soft_bottom",0.895508401677632
164,2016,"soft_bottom",1
166,2016,"soft_bottom",1
167,2016,"soft_bottom",1
168,2016,"soft_bottom",1
169,2016,"soft_bottom",0.627082522923671
171,2016,"soft_bottom",0.972610007848235
172,2016,"soft_bottom",0.771624723273402
173,2016,"soft_bottom",0.563818416323451
174,2016,"soft_bottom",0.950501577786919
175,2016,"soft_bottom",0.282240594790079
176,2016,"soft_bottom",0.047602948612841
177,2016,"soft_bottom",0
178,2016,"soft_bottom",0.621012904237753
179,2016,"soft_bottom",0
180,2016,"soft_bottom",0.273350615364887
181,2016,"soft_bottom",0.337705735842942
182,2016,"soft_bottom",0
183,2016,"soft_bottom",0
184,2016,"soft_bottom",0
185,2016,"soft_bottom",1
186,2016,"soft_bottom",0.770163851114662
187,2016,"soft_bottom",0.198792084829476
188,2016,"soft_bottom",0
189,2016,"soft_bottom",0.81245370813435
190,2016,"soft_bottom",0.956959779601526
191,2016,"soft_bottom",0.934976123752357
192,2016,"soft_bottom",1
193,2016,"soft_bottom",0.165929433870695
194,2016,"soft_bottom",0.91956302129754
195,2016,"soft_bottom",0.355813969115409
196,2016,"soft_bottom",1
197,2016,"soft_bottom",0.751235267882061
198,2016,"soft_bottom",0.962524914916481
199,2016,"soft_bottom",0.675263022413798
200,2016,"soft_bottom",0.486693485925078
202,2016,"soft_bottom",1
203,2016,"soft_bottom",0.99802758894351
204,2016,"soft_bottom",1
205,2016,"soft_bottom",1
206,2016,"soft_bottom",0.960029212030916
207,2016,"soft_bottom",0.998766328752154
208,2016,"soft_bottom",0.997679412381872
209,2016,"soft_bottom",0
210,2016,"soft_bottom",0.949379086084204
212,2016,"soft_bottom",1
214,2016,"soft_bottom",0.999801083817063
215,2016,"soft_bottom",1
216,2016,"soft_bottom",1
218,2016,"soft_bottom",0.980664697578318
219,2016,"soft_bottom",0.999730506083573
220,2016,"soft_bottom",1
221,2016,"soft_bottom",1
222,2016,"soft_bottom",0.715572988842386
223,2016,"soft_bottom",0.607432740155393
224,2016,"soft_bottom",0.976855901009956
227,2016,"soft_bottom",0.123845991937891
228,2016,"soft_bottom",0
231,2016,"soft_bottom",1
232,2016,"soft_bottom",1
237,2016,"soft_bottom",1
244,2016,"soft_bottom",1
245,2016,"soft_bottom",1
247,2016,"soft_bottom",0.990228168446487
248,2016,"soft_bottom",1
249,2016,"soft_bottom",1
250,2016,"soft_bottom",1
1,2017,"soft_bottom",1
2,2017,"soft_bottom",0.967754877014322
3,2017,"soft_bottom",1
4,2017,"soft_bottom",1
5,2017,"soft_bottom",1
6,2017,"soft_bottom",1
7,2017,"soft_bottom",1
8,2017,"soft_bottom",1
9,2017,"soft_bottom",1
10,2017,"soft_bottom",1
11,2017,"soft_bottom",0.999877759909932
12,2017,"soft_bottom",1
13,2017,"soft_bottom",1
14,2017,"soft_bottom",0.27910548149615
15,2017,"soft_bottom",1
16,2017,"soft_bottom",0.972573667799178
17,2017,"soft_bottom",1
18,2017,"soft_bottom",1
19,2017,"soft_bottom",1
20,2017,"soft_bottom",0.912980029590538
21,2017,"soft_bottom",0.958621997965211
24,2017,"soft_bottom",0.999962790124504
25,2017,"soft_bottom",0.975886489994907
26,2017,"soft_bottom",1
28,2017,"soft_bottom",1
29,2017,"soft_bottom",1
30,2017,"soft_bottom",1
31,2017,"soft_bottom",1
32,2017,"soft_bottom",0.998842679288524
33,2017,"soft_bottom",1
34,2017,"soft_bottom",0.959957482841954
35,2017,"soft_bottom",1
36,2017,"soft_bottom",1
37,2017,"soft_bottom",0.999941432618585
38,2017,"soft_bottom",1
39,2017,"soft_bottom",1
40,2017,"soft_bottom",0.999007356359416
41,2017,"soft_bottom",0.662688561698663
42,2017,"soft_bottom",0.971789741294968
43,2017,"soft_bottom",0.962157314583567
44,2017,"soft_bottom",0.908452901288365
45,2017,"soft_bottom",1
46,2017,"soft_bottom",1
47,2017,"soft_bottom",1
48,2017,"soft_bottom",0.994289962480024
49,2017,"soft_bottom",0.998771844631507
50,2017,"soft_bottom",0.993694791673482
51,2017,"soft_bottom",1
52,2017,"soft_bottom",0.88396789932268
53,2017,"soft_bottom",1
54,2017,"soft_bottom",0.999237194306556
55,2017,"soft_bottom",0.994921181052181
56,2017,"soft_bottom",0.99825703670572
57,2017,"soft_bottom",0.987980361145864
58,2017,"soft_bottom",0.981291588931478
59,2017,"soft_bottom",0
60,2017,"soft_bottom",0.408772160666452
61,2017,"soft_bottom",0.412177803057307
62,2017,"soft_bottom",0.656293429613737
63,2017,"soft_bottom",0.595794136608633
64,2017,"soft_bottom",0.651232348808093
65,2017,"soft_bottom",0.171278666721809
66,2017,"soft_bottom",0.0838200806056512
67,2017,"soft_bottom",0.904853656052658
68,2017,"soft_bottom",0.0439241313475723
69,2017,"soft_bottom",0.948356548593656
70,2017,"soft_bottom",0.964142311104423
71,2017,"soft_bottom",0.742775540886683
72,2017,"soft_bottom",0.925296878324107
73,2017,"soft_bottom",0.925452239505893
74,2017,"soft_bottom",0.970827883771644
75,2017,"soft_bottom",0.93492621122956
76,2017,"soft_bottom",0.317764140331148
77,2017,"soft_bottom",0.711046321506795
78,2017,"soft_bottom",0.999966112777465
79,2017,"soft_bottom",0
80,2017,"soft_bottom",0.0814465925381082
81,2017,"soft_bottom",0.572718695857558
82,2017,"soft_bottom",0.757100245108471
84,2017,"soft_bottom",1
85,2017,"soft_bottom",1
86,2017,"soft_bottom",1
88,2017,"soft_bottom",0.842442016872803
89,2017,"soft_bottom",0.940678897843107
90,2017,"soft_bottom",1
91,2017,"soft_bottom",1
92,2017,"soft_bottom",0.00313721483165574
93,2017,"soft_bottom",0.991081451432843
94,2017,"soft_bottom",1
95,2017,"soft_bottom",0.626083586385458
96,2017,"soft_bottom",0.699073211361349
97,2017,"soft_bottom",0.999194770184046
98,2017,"soft_bottom",0.021387832291947
99,2017,"soft_bottom",1
100,2017,"soft_bottom",0
101,2017,"soft_bottom",0.967977590202807
102,2017,"soft_bottom",0.807537795972649
103,2017,"soft_bottom",1
104,2017,"soft_bottom",0.850023883331491
105,2017,"soft_bottom",1
106,2017,"soft_bottom",0.802580528263123
107,2017,"soft_bottom",1
108,2017,"soft_bottom",1
110,2017,"soft_bottom",1
111,2017,"soft_bottom",1
112,2017,"soft_bottom",1
113,2017,"soft_bottom",1
114,2017,"soft_bottom",1
115,2017,"soft_bottom",1
116,2017,"soft_bottom",1
117,2017,"soft_bottom",0.996780079994416
118,2017,"soft_bottom",0.997677917777149
119,2017,"soft_bottom",1
120,2017,"soft_bottom",0.993797876599652
121,2017,"soft_bottom",0.999086092068578
122,2017,"soft_bottom",0.990721023304464
123,2017,"soft_bottom",0.968801410372656
124,2017,"soft_bottom",1
125,2017,"soft_bottom",1
126,2017,"soft_bottom",1
127,2017,"soft_bottom",1
129,2017,"soft_bottom",0.996389964899869
130,2017,"soft_bottom",1
131,2017,"soft_bottom",1
132,2017,"soft_bottom",1
133,2017,"soft_bottom",1
134,2017,"soft_bottom",1
135,2017,"soft_bottom",0.998260568873429
136,2017,"soft_bottom",1
137,2017,"soft_bottom",1
138,2017,"soft_bottom",0.999982642213321
139,2017,"soft_bottom",1
140,2017,"soft_bottom",0.977711259991045
141,2017,"soft_bottom",0.319414287861061
143,2017,"soft_bottom",0.458189698090746
144,2017,"soft_bottom",0.949670769415973
145,2017,"soft_bottom",0.877016533719916
146,2017,"soft_bottom",1
147,2017,"soft_bottom",1
148,2017,"soft_bottom",1
149,2017,"soft_bottom",1
150,2017,"soft_bottom",1
151,2017,"soft_bottom",1
152,2017,"soft_bottom",1
153,2017,"soft_bottom",0.975888040478976
154,2017,"soft_bottom",1
155,2017,"soft_bottom",1
156,2017,"soft_bottom",1
157,2017,"soft_bottom",1
158,2017,"soft_bottom",1
159,2017,"soft_bottom",1
161,2017,"soft_bottom",1
162,2017,"soft_bottom",0.757189189879898
163,2017,"soft_bottom",0.848214375691218
164,2017,"soft_bottom",1
166,2017,"soft_bottom",1
167,2017,"soft_bottom",1
168,2017,"soft_bottom",1
169,2017,"soft_bottom",0.696116563099428
171,2017,"soft_bottom",0.911987927741296
172,2017,"soft_bottom",0.739248861931714
173,2017,"soft_bottom",0.482028125959355
174,2017,"soft_bottom",0.95745179188324
175,2017,"soft_bottom",0.259582079267157
176,2017,"soft_bottom",0.075172681294276
177,2017,"soft_bottom",0
178,2017,"soft_bottom",0.610270481018889
179,2017,"soft_bottom",0
180,2017,"soft_bottom",0.296156364775054
181,2017,"soft_bottom",0.460085339117196
182,2017,"soft_bottom",0
183,2017,"soft_bottom",0
184,2017,"soft_bottom",0
185,2017,"soft_bottom",1
186,2017,"soft_bottom",0.732453759459593
187,2017,"soft_bottom",0.225475789644834
188,2017,"soft_bottom",0
189,2017,"soft_bottom",0.811846526735976
190,2017,"soft_bottom",0.964421635744394
191,2017,"soft_bottom",0.859975938290328
192,2017,"soft_bottom",1
193,2017,"soft_bottom",0.196896464282
194,2017,"soft_bottom",0.940577105491746
195,2017,"soft_bottom",0.430994029885809
196,2017,"soft_bottom",0
197,2017,"soft_bottom",0.788109649935001
198,2017,"soft_bottom",0.978880512220228
199,2017,"soft_bottom",0.373590841274124
200,2017,"soft_bottom",0.420098378313033
202,2017,"soft_bottom",1
203,2017,"soft_bottom",0.965961344995948
204,2017,"soft_bottom",1
205,2017,"soft_bottom",1
206,2017,"soft_bottom",0.923344110604154
207,2017,"soft_bottom",0.985004379380224
208,2017,"soft_bottom",0.675464591188098
209,2017,"soft_bottom",0
210,2017,"soft_bottom",0.845011429642058
212,2017,"soft_bottom",1
214,2017,"soft_bottom",0.998797123568171
215,2017,"soft_bottom",1
216,2017,"soft_bottom",0.999995560384216
218,2017,"soft_bottom",0.974205202569953
219,2017,"soft_bottom",0.999023477225057
220,2017,"soft_bottom",0.781952475937665
221,2017,"soft_bottom",0.996669126821014
222,2017,"soft_bottom",0.688387537023863
223,2017,"soft_bottom",0.666126372983998
224,2017,"soft_bottom",0.980438930979779
227,2017,"soft_bottom",0.400664924614081
228,2017,"soft_bottom",0
231,2017,"soft_bottom",1
232,2017,"soft_bottom",1
237,2017,"soft_bottom",1
244,2017,"soft_bottom",1
245,2017,"soft_bottom",1
247,2017,"soft_bottom",0.980674151942627
248,2017,"soft_bottom",1
249,2017,"soft_bottom",1
250,2017,"soft_bottom",1
1,2018,"soft_bottom",1
2,2018,"soft_bottom",1
3,2018,"soft_bottom",1
4,2018,"soft_bottom",1
5,2018,"soft_bottom",1
6,2018,"soft_bottom",1
7,2018,"soft_bottom",1
8,2018,"soft_bottom",0
9,2018,"soft_bottom",1
10,2018,"soft_bottom",1
11,2018,"soft_bottom",1
12,2018,"soft_bottom",1
13,2018,"soft_bottom",1
14,2018,"soft_bottom",0.301022548467489
15,2018,"soft_bottom",1
16,2018,"soft_bottom",0.961635026847142
17,2018,"soft_bottom",0.999941354838259
18,2018,"soft_bottom",1
19,2018,"soft_bottom",1
20,2018,"soft_bottom",0.783243995140663
21,2018,"soft_bottom",0.928827558585861
24,2018,"soft_bottom",1
25,2018,"soft_bottom",0.94300986155147
26,2018,"soft_bottom",1
28,2018,"soft_bottom",1
29,2018,"soft_bottom",1
30,2018,"soft_bottom",1
31,2018,"soft_bottom",1
32,2018,"soft_bottom",0.999872409531005
33,2018,"soft_bottom",1
34,2018,"soft_bottom",0.996048325423328
35,2018,"soft_bottom",1
36,2018,"soft_bottom",1
37,2018,"soft_bottom",0.996819450154777
38,2018,"soft_bottom",1
39,2018,"soft_bottom",1
40,2018,"soft_bottom",1
41,2018,"soft_bottom",0.626109802568378
42,2018,"soft_bottom",0.874165286742061
43,2018,"soft_bottom",0.982937333484833
44,2018,"soft_bottom",1
45,2018,"soft_bottom",1
46,2018,"soft_bottom",1
47,2018,"soft_bottom",1
48,2018,"soft_bottom",0.99787375539664
49,2018,"soft_bottom",0.999978007810432
50,2018,"soft_bottom",0.934875059926608
51,2018,"soft_bottom",1
52,2018,"soft_bottom",0.973390277256119
53,2018,"soft_bottom",1
54,2018,"soft_bottom",0.998902337698069
55,2018,"soft_bottom",0.994745238307205
56,2018,"soft_bottom",0.994301971649182
57,2018,"soft_bottom",0.977222081520189
58,2018,"soft_bottom",0.98497912042352
59,2018,"soft_bottom",0
60,2018,"soft_bottom",0.424821947144221
61,2018,"soft_bottom",0.519990317893746
62,2018,"soft_bottom",0.623907076971928
63,2018,"soft_bottom",0.631536799860913
64,2018,"soft_bottom",0.395381369000413
65,2018,"soft_bottom",0
66,2018,"soft_bottom",0.116348393615746
67,2018,"soft_bottom",0.951354248829973
68,2018,"soft_bottom",0.0978529764806239
69,2018,"soft_bottom",0.946713425680232
70,2018,"soft_bottom",0.964753812389761
71,2018,"soft_bottom",0.653054971716425
72,2018,"soft_bottom",0.955352265101606
73,2018,"soft_bottom",0.921667570854913
74,2018,"soft_bottom",0.910716021701215
75,2018,"soft_bottom",0.91551034830166
76,2018,"soft_bottom",0.295663193103608
77,2018,"soft_bottom",0.898530102648152
78,2018,"soft_bottom",1
79,2018,"soft_bottom",0
80,2018,"soft_bottom",0.0818904851176531
81,2018,"soft_bottom",0.654738453148242
82,2018,"soft_bottom",0.580830848824105
84,2018,"soft_bottom",0.998338044249959
85,2018,"soft_bottom",1
86,2018,"soft_bottom",1
88,2018,"soft_bottom",0.916964119298909
89,2018,"soft_bottom",0.956929111745648
90,2018,"soft_bottom",1
91,2018,"soft_bottom",1
92,2018,"soft_bottom",0
93,2018,"soft_bottom",1
94,2018,"soft_bottom",1
95,2018,"soft_bottom",0.632105643835446
96,2018,"soft_bottom",0.757885440775016
97,2018,"soft_bottom",0.95645098888823
98,2018,"soft_bottom",0
99,2018,"soft_bottom",1
100,2018,"soft_bottom",0.0264708549223678
101,2018,"soft_bottom",0.959835299384882
102,2018,"soft_bottom",0.806763699844211
103,2018,"soft_bottom",1
104,2018,"soft_bottom",0.642870815296809
105,2018,"soft_bottom",1
106,2018,"soft_bottom",0.774464943169626
107,2018,"soft_bottom",1
108,2018,"soft_bottom",1
110,2018,"soft_bottom",1
111,2018,"soft_bottom",1
112,2018,"soft_bottom",1
113,2018,"soft_bottom",1
114,2018,"soft_bottom",1
115,2018,"soft_bottom",1
116,2018,"soft_bottom",1
117,2018,"soft_bottom",1
118,2018,"soft_bottom",1
119,2018,"soft_bottom",1
120,2018,"soft_bottom",1
121,2018,"soft_bottom",1
122,2018,"soft_bottom",1
123,2018,"soft_bottom",1
124,2018,"soft_bottom",1
125,2018,"soft_bottom",1
126,2018,"soft_bottom",1
127,2018,"soft_bottom",1
129,2018,"soft_bottom",0.998284228784661
130,2018,"soft_bottom",0.998632482694931
131,2018,"soft_bottom",1
132,2018,"soft_bottom",1
133,2018,"soft_bottom",0.999767809180846
134,2018,"soft_bottom",1
135,2018,"soft_bottom",0.9982108307307
136,2018,"soft_bottom",1
137,2018,"soft_bottom",1
138,2018,"soft_bottom",0.999670603719663
139,2018,"soft_bottom",0.999996352641907
140,2018,"soft_bottom",1
141,2018,"soft_bottom",0.314117726307675
143,2018,"soft_bottom",0.394453236301535
144,2018,"soft_bottom",0.978275353899702
145,2018,"soft_bottom",0.876653819414222
146,2018,"soft_bottom",1
147,2018,"soft_bottom",0.999643913860587
148,2018,"soft_bottom",1
149,2018,"soft_bottom",1
150,2018,"soft_bottom",1
151,2018,"soft_bottom",1
152,2018,"soft_bottom",1
153,2018,"soft_bottom",0.962782020993904
154,2018,"soft_bottom",1
155,2018,"soft_bottom",1
156,2018,"soft_bottom",1
157,2018,"soft_bottom",1
158,2018,"soft_bottom",1
159,2018,"soft_bottom",1
161,2018,"soft_bottom",1
162,2018,"soft_bottom",0.752702001287242
163,2018,"soft_bottom",0.824615179607101
164,2018,"soft_bottom",1
166,2018,"soft_bottom",1
167,2018,"soft_bottom",1
168,2018,"soft_bottom",0.971851388153838
169,2018,"soft_bottom",0.724326879261877
171,2018,"soft_bottom",0.817998938244872
172,2018,"soft_bottom",0.716302522312952
173,2018,"soft_bottom",0.478186181154658
174,2018,"soft_bottom",0.960530863817561
175,2018,"soft_bottom",0.233518995031091
176,2018,"soft_bottom",0
177,2018,"soft_bottom",0
178,2018,"soft_bottom",0.572818469199152
179,2018,"soft_bottom",0
180,2018,"soft_bottom",0.284284266650619
181,2018,"soft_bottom",0.418602388638589
182,2018,"soft_bottom",0
183,2018,"soft_bottom",0
184,2018,"soft_bottom",0
185,2018,"soft_bottom",1
186,2018,"soft_bottom",0.552725038038177
187,2018,"soft_bottom",0.285003245786886
188,2018,"soft_bottom",0
189,2018,"soft_bottom",0.796993753131489
190,2018,"soft_bottom",0.904534854755506
191,2018,"soft_bottom",0.854177928103921
192,2018,"soft_bottom",1
193,2018,"soft_bottom",0.466490581869769
194,2018,"soft_bottom",0.83419395282884
195,2018,"soft_bottom",0.751619633780377
196,2018,"soft_bottom",0
197,2018,"soft_bottom",0.742982656526453
198,2018,"soft_bottom",0.972630584932034
199,2018,"soft_bottom",0.493645421350427
200,2018,"soft_bottom",0.345979960822468
202,2018,"soft_bottom",1
203,2018,"soft_bottom",0.947000503021604
204,2018,"soft_bottom",1
205,2018,"soft_bottom",1
206,2018,"soft_bottom",0.836705362791242
207,2018,"soft_bottom",0.975511121351093
208,2018,"soft_bottom",0.333305446780725
209,2018,"soft_bottom",0
210,2018,"soft_bottom",0.811164501723492
212,2018,"soft_bottom",1
214,2018,"soft_bottom",1
215,2018,"soft_bottom",1
216,2018,"soft_bottom",0.999991354583508
218,2018,"soft_bottom",0.964858048400392
219,2018,"soft_bottom",0.932880981266485
220,2018,"soft_bottom",1
221,2018,"soft_bottom",1
222,2018,"soft_bottom",0.661844069042779
223,2018,"soft_bottom",0.665827445444855
224,2018,"soft_bottom",0.978938034922276
227,2018,"soft_bottom",0.288400802052056
228,2018,"soft_bottom",0
231,2018,"soft_bottom",1
232,2018,"soft_bottom",1
237,2018,"soft_bottom",1
244,2018,"soft_bottom",1
245,2018,"soft_bottom",1
247,2018,"soft_bottom",0.960288827704854
248,2018,"soft_bottom",1
249,2018,"soft_bottom",1
250,2018,"soft_bottom",1
1,2019,"soft_bottom",1
2,2019,"soft_bottom",1
3,2019,"soft_bottom",1
4,2019,"soft_bottom",1
5,2019,"soft_bottom",1
6,2019,"soft_bottom",1
7,2019,"soft_bottom",1
8,2019,"soft_bottom",0.12049500047908
9,2019,"soft_bottom",1
10,2019,"soft_bottom",1
11,2019,"soft_bottom",1
12,2019,"soft_bottom",1
13,2019,"soft_bottom",1
14,2019,"soft_bottom",0.232628520648304
15,2019,"soft_bottom",1
16,2019,"soft_bottom",0.956650876666054
17,2019,"soft_bottom",0.999940128782626
18,2019,"soft_bottom",1
19,2019,"soft_bottom",1
20,2019,"soft_bottom",0.6539042123367
21,2019,"soft_bottom",0.849019057683993
24,2019,"soft_bottom",1
25,2019,"soft_bottom",0.929833110420041
26,2019,"soft_bottom",1
28,2019,"soft_bottom",1
29,2019,"soft_bottom",1
30,2019,"soft_bottom",1
31,2019,"soft_bottom",0.999698320387841
32,2019,"soft_bottom",0.984182545217886
33,2019,"soft_bottom",1
34,2019,"soft_bottom",0.971966951324514
35,2019,"soft_bottom",1
36,2019,"soft_bottom",1
37,2019,"soft_bottom",0.992096856616017
38,2019,"soft_bottom",1
39,2019,"soft_bottom",1
40,2019,"soft_bottom",0.998576645149801
41,2019,"soft_bottom",0.660935334615979
42,2019,"soft_bottom",0.644603966682011
43,2019,"soft_bottom",0.96383330647994
44,2019,"soft_bottom",1
45,2019,"soft_bottom",1
46,2019,"soft_bottom",1
47,2019,"soft_bottom",1
48,2019,"soft_bottom",0.999195822911158
49,2019,"soft_bottom",1
50,2019,"soft_bottom",0.869245532127723
51,2019,"soft_bottom",0.960281481590775
52,2019,"soft_bottom",0.89236675368208
53,2019,"soft_bottom",1
54,2019,"soft_bottom",0.993594813725028
55,2019,"soft_bottom",0.997199010963646
56,2019,"soft_bottom",0.997841781816691
57,2019,"soft_bottom",0.998966734080863
58,2019,"soft_bottom",0.978956390335035
59,2019,"soft_bottom",0
60,2019,"soft_bottom",0.729320834855921
61,2019,"soft_bottom",0.586392152002348
62,2019,"soft_bottom",0.588752375419646
63,2019,"soft_bottom",0.56270479097955
64,2019,"soft_bottom",0.538368196310601
65,2019,"soft_bottom",0.323910001525281
66,2019,"soft_bottom",0
67,2019,"soft_bottom",0.924854792361464
68,2019,"soft_bottom",0.0621611632455696
69,2019,"soft_bottom",0.961044442599495
70,2019,"soft_bottom",0.963592734190571
71,2019,"soft_bottom",0.404130363335414
72,2019,"soft_bottom",0.950904415370803
73,2019,"soft_bottom",0.918253695195529
74,2019,"soft_bottom",0.896943555580937
75,2019,"soft_bottom",0.856043037822727
76,2019,"soft_bottom",0.285859057302088
77,2019,"soft_bottom",0.709503387397288
78,2019,"soft_bottom",1
79,2019,"soft_bottom",0.0321068707104725
80,2019,"soft_bottom",0.0860329124671551
81,2019,"soft_bottom",0.805386287318909
82,2019,"soft_bottom",0.339193172655216
84,2019,"soft_bottom",1
85,2019,"soft_bottom",1
86,2019,"soft_bottom",1
88,2019,"soft_bottom",0.582313077936511
89,2019,"soft_bottom",0.955706277207922
90,2019,"soft_bottom",1
91,2019,"soft_bottom",1
92,2019,"soft_bottom",0
93,2019,"soft_bottom",1
94,2019,"soft_bottom",1
95,2019,"soft_bottom",0.61137137347921
96,2019,"soft_bottom",0.823117512712403
97,2019,"soft_bottom",0.65211740404051
98,2019,"soft_bottom",0
99,2019,"soft_bottom",1
100,2019,"soft_bottom",0.0416902974990283
101,2019,"soft_bottom",0.949810981007708
102,2019,"soft_bottom",0.793050818709349
103,2019,"soft_bottom",1
104,2019,"soft_bottom",0.780945754878689
105,2019,"soft_bottom",1
106,2019,"soft_bottom",0.835782787400153
107,2019,"soft_bottom",1
108,2019,"soft_bottom",1
110,2019,"soft_bottom",1
111,2019,"soft_bottom",1
112,2019,"soft_bottom",1
113,2019,"soft_bottom",1
114,2019,"soft_bottom",1
115,2019,"soft_bottom",1
116,2019,"soft_bottom",1
117,2019,"soft_bottom",1
118,2019,"soft_bottom",1
119,2019,"soft_bottom",1
120,2019,"soft_bottom",1
121,2019,"soft_bottom",1
122,2019,"soft_bottom",1
123,2019,"soft_bottom",1
124,2019,"soft_bottom",1
125,2019,"soft_bottom",1
126,2019,"soft_bottom",1
127,2019,"soft_bottom",1
129,2019,"soft_bottom",1
130,2019,"soft_bottom",0.986773065257209
131,2019,"soft_bottom",1
132,2019,"soft_bottom",0.978475504801493
133,2019,"soft_bottom",1
134,2019,"soft_bottom",1
135,2019,"soft_bottom",0.998011543810416
136,2019,"soft_bottom",1
137,2019,"soft_bottom",1
138,2019,"soft_bottom",0.998907566943499
139,2019,"soft_bottom",0.980134457676512
140,2019,"soft_bottom",1
141,2019,"soft_bottom",0.351793498452428
143,2019,"soft_bottom",0.44069453440194
144,2019,"soft_bottom",0.985620987002572
145,2019,"soft_bottom",0.863204839402523
146,2019,"soft_bottom",1
147,2019,"soft_bottom",1
148,2019,"soft_bottom",1
149,2019,"soft_bottom",1
150,2019,"soft_bottom",1
151,2019,"soft_bottom",1
152,2019,"soft_bottom",1
153,2019,"soft_bottom",1
154,2019,"soft_bottom",1
155,2019,"soft_bottom",1
156,2019,"soft_bottom",1
157,2019,"soft_bottom",1
158,2019,"soft_bottom",1
159,2019,"soft_bottom",1
161,2019,"soft_bottom",1
162,2019,"soft_bottom",0.730130934172045
163,2019,"soft_bottom",0.825434895379608
164,2019,"soft_bottom",1
166,2019,"soft_bottom",1
167,2019,"soft_bottom",1
168,2019,"soft_bottom",0.978649997590875
169,2019,"soft_bottom",0.727472975134744
171,2019,"soft_bottom",0.777791226164502
172,2019,"soft_bottom",0.698495820538558
173,2019,"soft_bottom",0.488005925529536
174,2019,"soft_bottom",0.964651103507833
175,2019,"soft_bottom",0.224914319580023
176,2019,"soft_bottom",0.267337163095235
177,2019,"soft_bottom",0
178,2019,"soft_bottom",0.619062503470458
179,2019,"soft_bottom",0
180,2019,"soft_bottom",0.270559065549925
181,2019,"soft_bottom",0.41870875754762
182,2019,"soft_bottom",0
183,2019,"soft_bottom",0
184,2019,"soft_bottom",0
185,2019,"soft_bottom",1
186,2019,"soft_bottom",0.278342194537025
187,2019,"soft_bottom",0.268386810438519
188,2019,"soft_bottom",0
189,2019,"soft_bottom",0.917113467402523
190,2019,"soft_bottom",0.964483158379549
191,2019,"soft_bottom",0.947709699210227
192,2019,"soft_bottom",1
193,2019,"soft_bottom",0.134813219389123
194,2019,"soft_bottom",0.748206926709299
195,2019,"soft_bottom",0.501385219609563
196,2019,"soft_bottom",0
197,2019,"soft_bottom",0
198,2019,"soft_bottom",0.87197707095067
199,2019,"soft_bottom",0.374153587294006
200,2019,"soft_bottom",0.448201745064081
202,2019,"soft_bottom",1
203,2019,"soft_bottom",0.90689395232796
204,2019,"soft_bottom",0.999688628079193
205,2019,"soft_bottom",0.999906550058701
206,2019,"soft_bottom",0.784670953226892
207,2019,"soft_bottom",0.916735121674851
208,2019,"soft_bottom",0.381699005421085
209,2019,"soft_bottom",0
210,2019,"soft_bottom",0.787161260976632
212,2019,"soft_bottom",1
214,2019,"soft_bottom",0.999266086605044
215,2019,"soft_bottom",1
216,2019,"soft_bottom",0.999954411153935
218,2019,"soft_bottom",0.958074033207672
219,2019,"soft_bottom",0.934546760942774
220,2019,"soft_bottom",1
221,2019,"soft_bottom",1
222,2019,"soft_bottom",0.657790574920196
223,2019,"soft_bottom",0.663203083473601
224,2019,"soft_bottom",0.976213958057492
227,2019,"soft_bottom",0.175357458621479
228,2019,"soft_bottom",0
231,2019,"soft_bottom",1
232,2019,"soft_bottom",1
237,2019,"soft_bottom",1
244,2019,"soft_bottom",1
245,2019,"soft_bottom",1
247,2019,"soft_bottom",0.99648264693747
248,2019,"soft_bottom",1
249,2019,"soft_bottom",1
250,2019,"soft_bottom",1
1,2020,"soft_bottom",0.987398139487882
2,2020,"soft_bottom",1
3,2020,"soft_bottom",1
4,2020,"soft_bottom",0.969691418154657
5,2020,"soft_bottom",1
6,2020,"soft_bottom",1
7,2020,"soft_bottom",1
8,2020,"soft_bottom",1
9,2020,"soft_bottom",1
10,2020,"soft_bottom",1
11,2020,"soft_bottom",1
12,2020,"soft_bottom",1
13,2020,"soft_bottom",1
14,2020,"soft_bottom",0.162209731364876
15,2020,"soft_bottom",1
16,2020,"soft_bottom",0.958711831466768
17,2020,"soft_bottom",1
18,2020,"soft_bottom",1
19,2020,"soft_bottom",1
20,2020,"soft_bottom",0.644092887954285
21,2020,"soft_bottom",0.913134346824068
24,2020,"soft_bottom",1
25,2020,"soft_bottom",0.938098227722535
26,2020,"soft_bottom",1
28,2020,"soft_bottom",1
29,2020,"soft_bottom",1
30,2020,"soft_bottom",1
31,2020,"soft_bottom",0.998996054527241
32,2020,"soft_bottom",0.929385288962091
33,2020,"soft_bottom",1
34,2020,"soft_bottom",1
35,2020,"soft_bottom",1
36,2020,"soft_bottom",1
37,2020,"soft_bottom",0.989946162500213
38,2020,"soft_bottom",1
39,2020,"soft_bottom",1
40,2020,"soft_bottom",0.995631278486165
41,2020,"soft_bottom",0.698004580120164
42,2020,"soft_bottom",0.636681618887447
43,2020,"soft_bottom",1
44,2020,"soft_bottom",1
45,2020,"soft_bottom",0.999922726263237
46,2020,"soft_bottom",1
47,2020,"soft_bottom",0.999938879560968
48,2020,"soft_bottom",0.966096841694806
49,2020,"soft_bottom",0.999398863344559
50,2020,"soft_bottom",0.842427994845876
51,2020,"soft_bottom",0.852077954788527
52,2020,"soft_bottom",0.764193046168502
53,2020,"soft_bottom",0.999173723044172
54,2020,"soft_bottom",0.996768995010022
55,2020,"soft_bottom",0.986354334323142
56,2020,"soft_bottom",0.996286589648134
57,2020,"soft_bottom",0.996726152852288
58,2020,"soft_bottom",0.941788067817048
59,2020,"soft_bottom",0
60,2020,"soft_bottom",0.581920073166993
61,2020,"soft_bottom",0.568526455761226
62,2020,"soft_bottom",0.593471437116427
63,2020,"soft_bottom",0.575328002004431
64,2020,"soft_bottom",0.283733315463941
65,2020,"soft_bottom",0.381118379983922
66,2020,"soft_bottom",0
67,2020,"soft_bottom",0.94505665434825
68,2020,"soft_bottom",0.157431032080705
69,2020,"soft_bottom",0.956585549804617
70,2020,"soft_bottom",0.966237082712753
71,2020,"soft_bottom",0.398527076360221
72,2020,"soft_bottom",0.876394335508649
73,2020,"soft_bottom",0.911675378818954
74,2020,"soft_bottom",0.923840005650431
75,2020,"soft_bottom",0.825961887427478
76,2020,"soft_bottom",0.423761641495492
77,2020,"soft_bottom",0.62352699095317
78,2020,"soft_bottom",1
79,2020,"soft_bottom",0.218479983039748
80,2020,"soft_bottom",0.0678484215226959
81,2020,"soft_bottom",0.362695593935413
82,2020,"soft_bottom",0.242434235739373
84,2020,"soft_bottom",0.999317947730127
85,2020,"soft_bottom",1
86,2020,"soft_bottom",1
88,2020,"soft_bottom",0.661789503365449
89,2020,"soft_bottom",0.95763459187544
90,2020,"soft_bottom",1
91,2020,"soft_bottom",1
92,2020,"soft_bottom",0
93,2020,"soft_bottom",1
94,2020,"soft_bottom",1
95,2020,"soft_bottom",0.606289014912696
96,2020,"soft_bottom",0.930244375878705
97,2020,"soft_bottom",0.592985126250572
98,2020,"soft_bottom",0
99,2020,"soft_bottom",1
100,2020,"soft_bottom",0.119074730049428
101,2020,"soft_bottom",0.945023005830799
102,2020,"soft_bottom",0.772047247128765
103,2020,"soft_bottom",1
104,2020,"soft_bottom",0.985096642541239
105,2020,"soft_bottom",1
106,2020,"soft_bottom",0.734807614701629
107,2020,"soft_bottom",1
108,2020,"soft_bottom",1
110,2020,"soft_bottom",1
111,2020,"soft_bottom",1
112,2020,"soft_bottom",1
113,2020,"soft_bottom",1
114,2020,"soft_bottom",1
115,2020,"soft_bottom",1
116,2020,"soft_bottom",1
117,2020,"soft_bottom",1
118,2020,"soft_bottom",1
119,2020,"soft_bottom",1
120,2020,"soft_bottom",1
121,2020,"soft_bottom",1
122,2020,"soft_bottom",1
123,2020,"soft_bottom",1
124,2020,"soft_bottom",1
125,2020,"soft_bottom",1
126,2020,"soft_bottom",1
127,2020,"soft_bottom",1
129,2020,"soft_bottom",0.997524143919985
130,2020,"soft_bottom",1
131,2020,"soft_bottom",1
132,2020,"soft_bottom",0.988772531141079
133,2020,"soft_bottom",1
134,2020,"soft_bottom",1
135,2020,"soft_bottom",0.999099242792339
136,2020,"soft_bottom",1
137,2020,"soft_bottom",1
138,2020,"soft_bottom",1
139,2020,"soft_bottom",0.987292666988212
140,2020,"soft_bottom",1
141,2020,"soft_bottom",0.424427378234118
143,2020,"soft_bottom",0.449208591289289
144,2020,"soft_bottom",0.994745051072645
145,2020,"soft_bottom",0.846229267654963
146,2020,"soft_bottom",1
147,2020,"soft_bottom",1
148,2020,"soft_bottom",1
149,2020,"soft_bottom",1
150,2020,"soft_bottom",1
151,2020,"soft_bottom",1
152,2020,"soft_bottom",1
153,2020,"soft_bottom",1
154,2020,"soft_bottom",1
155,2020,"soft_bottom",1
156,2020,"soft_bottom",1
157,2020,"soft_bottom",1
158,2020,"soft_bottom",1
159,2020,"soft_bottom",1
161,2020,"soft_bottom",1
162,2020,"soft_bottom",0.719007408418767
163,2020,"soft_bottom",0.750338203736548
164,2020,"soft_bottom",1
166,2020,"soft_bottom",1
167,2020,"soft_bottom",0.998741706782893
168,2020,"soft_bottom",0.956926123087181
169,2020,"soft_bottom",0.791074407964631
171,2020,"soft_bottom",0.749178023762568
172,2020,"soft_bottom",0.734364746020124
173,2020,"soft_bottom",0.541234021479629
174,2020,"soft_bottom",0.972886862189499
175,2020,"soft_bottom",0.200695020559677
176,2020,"soft_bottom",0.126637475624446
177,2020,"soft_bottom",0
178,2020,"soft_bottom",0.638591739198768
179,2020,"soft_bottom",0
180,2020,"soft_bottom",0.368195996203546
181,2020,"soft_bottom",0.471347887947823
182,2020,"soft_bottom",0
183,2020,"soft_bottom",0
184,2020,"soft_bottom",0
185,2020,"soft_bottom",1
186,2020,"soft_bottom",0.36969970549455
187,2020,"soft_bottom",0.311395553959079
188,2020,"soft_bottom",0
189,2020,"soft_bottom",0.788730581248916
190,2020,"soft_bottom",0.981049594487061
191,2020,"soft_bottom",0.938809723873918
192,2020,"soft_bottom",0.997638255155191
193,2020,"soft_bottom",0.0844931585742771
194,2020,"soft_bottom",0.772316906589761
195,2020,"soft_bottom",0.565472204452178
196,2020,"soft_bottom",0
197,2020,"soft_bottom",0
198,2020,"soft_bottom",0
199,2020,"soft_bottom",0.167605392282655
200,2020,"soft_bottom",0.459448434681839
202,2020,"soft_bottom",0.987421523605441
203,2020,"soft_bottom",0.935568875574252
204,2020,"soft_bottom",1
205,2020,"soft_bottom",0.998753288854224
206,2020,"soft_bottom",0.787238807026725
207,2020,"soft_bottom",0.884744546755763
208,2020,"soft_bottom",0.455731785732831
209,2020,"soft_bottom",0
210,2020,"soft_bottom",0.761523829785374
212,2020,"soft_bottom",1
214,2020,"soft_bottom",0.999016828024825
215,2020,"soft_bottom",1
216,2020,"soft_bottom",0.992350010842162
218,2020,"soft_bottom",0.954227936208673
219,2020,"soft_bottom",0.925702807348431
220,2020,"soft_bottom",1
221,2020,"soft_bottom",1
222,2020,"soft_bottom",0.688346081243103
223,2020,"soft_bottom",0.652910389023747
224,2020,"soft_bottom",0.981951349334738
227,2020,"soft_bottom",0.286103001710054
228,2020,"soft_bottom",0
231,2020,"soft_bottom",1
232,2020,"soft_bottom",1
237,2020,"soft_bottom",1
244,2020,"soft_bottom",1
245,2020,"soft_bottom",1
247,2020,"soft_bottom",0.999588768345546
248,2020,"soft_bottom",1
249,2020,"soft_bottom",1
250,2020,"soft_bottom",1
